Título,estructura-generacion_01-01-2022_31-12-2022,,,,,,,,,,,,,,,,,,,,,,,,,,,,,,,,,,,,,,,,,,,,,,,,,,,,,,,,,,,,,,,,,,,,,,,,,,,,,,,,,,,,,,,,,,,,,,,,,,,,,,,,,,,,,,,,,,,,,,,,,,,,,,,,,,,,,,,,,,,,,,,,,,,,,,,,,,,,,,,,,,,,,,,,,,,,,,,,,,,,,,,,,,,,,,,,,,,,,,,,,,,,,,,,,,,,,,,,,,,,,,,,,,,,,,,,,,,,,,,,,,,,,,,,,,,,,,,,,,,,,,,,,,,,,,,,,,,,,,,,,,,,,,,,,,,,,,,,,,,,,,,,,,,,,,,,,,,,,,,,,,,,,,,,,,,,,,,,,,,,,,,,,,,,,,,,,,,,,,,,,,,,
Sistema eléctrico,NACIONAL,,,,,,,,,,,,,,,,,,,,,,,,,,,,,,,,,,,,,,,,,,,,,,,,,,,,,,,,,,,,,,,,,,,,,,,,,,,,,,,,,,,,,,,,,,,,,,,,,,,,,,,,,,,,,,,,,,,,,,,,,,,,,,,,,,,,,,,,,,,,,,,,,,,,,,,,,,,,,,,,,,,,,,,,,,,,,,,,,,,,,,,,,,,,,,,,,,,,,,,,,,,,,,,,,,,,,,,,,,,,,,,,,,,,,,,,,,,,,,,,,,,,,,,,,,,,,,,,,,,,,,,,,,,,,,,,,,,,,,,,,,,,,,,,,,,,,,,,,,,,,,,,,,,,,,,,,,,,,,,,,,,,,,,,,,,,,,,,,,,,,,,,,,,,,,,,,,,,,,,,,,,,
Magnitudes,GWh,,,,,,,,,,,,,,,,,,,,,,,,,,,,,,,,,,,,,,,,,,,,,,,,,,,,,,,,,,,,,,,,,,,,,,,,,,,,,,,,,,,,,,,,,,,,,,,,,,,,,,,,,,,,,,,,,,,,,,,,,,,,,,,,,,,,,,,,,,,,,,,,,,,,,,,,,,,,,,,,,,,,,,,,,,,,,,,,,,,,,,,,,,,,,,,,,,,,,,,,,,,,,,,,,,,,,,,,,,,,,,,,,,,,,,,,,,,,,,,,,,,,,,,,,,,,,,,,,,,,,,,,,,,,,,,,,,,,,,,,,,,,,,,,,,,,,,,,,,,,,,,,,,,,,,,,,,,,,,,,,,,,,,,,,,,,,,,,,,,,,,,,,,,,,,,,,,,,,,,,,,,,
 ,,,,,,,,,,,,,,,,,,,,,,,,,,,,,,,,,,,,,,,,,,,,,,,,,,,,,,,,,,,,,,,,,,,,,,,,,,,,,,,,,,,,,,,,,,,,,,,,,,,,,,,,,,,,,,,,,,,,,,,,,,,,,,,,,,,,,,,,,,,,,,,,,,,,,,,,,,,,,,,,,,,,,,,,,,,,,,,,,,,,,,,,,,,,,,,,,,,,,,,,,,,,,,,,,,,,,,,,,,,,,,,,,,,,,,,,,,,,,,,,,,,,,,,,,,,,,,,,,,,,,,,,,,,,,,,,,,,,,,,,,,,,,,,,,,,,,,,,,,,,,,,,,,,,,,,,,,,,,,,,,,,,,,,,,,,,,,,,,,,,,,,,,,,,,,,,,,,,,,,,,,,,,
 ,01/ene/22,02/ene/22,03/ene/22,04/ene/22,05/ene/22,06/ene/22,07/ene/22,08/ene/22,09/ene/22,10/ene/22,11/ene/22,12/ene/22,13/ene/22,14/ene/22,15/ene/22,16/ene/22,17/ene/22,18/ene/22,19/ene/22,20/ene/22,21/ene/22,22/ene/22,23/ene/22,24/ene/22,25/ene/22,26/ene/22,27/ene/22,28/ene/22,29/ene/22,30/ene/22,31/ene/22,01/feb/22,02/feb/22,03/feb/22,04/feb/22,05/feb/22,06/feb/22,07/feb/22,08/feb/22,09/feb/22,10/feb/22,11/feb/22,12/feb/22,13/feb/22,14/feb/22,15/feb/22,16/feb/22,17/feb/22,18/feb/22,19/feb/22,20/feb/22,21/feb/22,22/feb/22,23/feb/22,24/feb/22,25/feb/22,26/feb/22,27/feb/22,28/feb/22,01/mar/22,02/mar/22,03/mar/22,04/mar/22,05/mar/22,06/mar/22,07/mar/22,08/mar/22,09/mar/22,10/mar/22,11/mar/22,12/mar/22,13/mar/22,14/mar/22,15/mar/22,16/mar/22,17/mar/22,18/mar/22,19/mar/22,20/mar/22,21/mar/22,22/mar/22,23/mar/22,24/mar/22,25/mar/22,26/mar/22,27/mar/22,28/mar/22,29/mar/22,30/mar/22,31/mar/22,01/abr/22,02/abr/22,03/abr/22,04/abr/22,05/abr/22,06/abr/22,07/abr/22,08/abr/22,09/abr/22,10/abr/22,11/abr/22,12/abr/22,13/abr/22,14/abr/22,15/abr/22,16/abr/22,17/abr/22,18/abr/22,19/abr/22,20/abr/22,21/abr/22,22/abr/22,23/abr/22,24/abr/22,25/abr/22,26/abr/22,27/abr/22,28/abr/22,29/abr/22,30/abr/22,01/may/22,02/may/22,03/may/22,04/may/22,05/may/22,06/may/22,07/may/22,08/may/22,09/may/22,10/may/22,11/may/22,12/may/22,13/may/22,14/may/22,15/may/22,16/may/22,17/may/22,18/may/22,19/may/22,20/may/22,21/may/22,22/may/22,23/may/22,24/may/22,25/may/22,26/may/22,27/may/22,28/may/22,29/may/22,30/may/22,31/may/22,01/jun/22,02/jun/22,03/jun/22,04/jun/22,05/jun/22,06/jun/22,07/jun/22,08/jun/22,09/jun/22,10/jun/22,11/jun/22,12/jun/22,13/jun/22,14/jun/22,15/jun/22,16/jun/22,17/jun/22,18/jun/22,19/jun/22,20/jun/22,21/jun/22,22/jun/22,23/jun/22,24/jun/22,25/jun/22,26/jun/22,27/jun/22,28/jun/22,29/jun/22,30/jun/22,01/jul/22,02/jul/22,03/jul/22,04/jul/22,05/jul/22,06/jul/22,07/jul/22,08/jul/22,09/jul/22,10/jul/22,11/jul/22,12/jul/22,13/jul/22,14/jul/22,15/jul/22,16/jul/22,17/jul/22,18/jul/22,19/jul/22,20/jul/22,21/jul/22,22/jul/22,23/jul/22,24/jul/22,25/jul/22,26/jul/22,27/jul/22,28/jul/22,29/jul/22,30/jul/22,31/jul/22,01/ago/22,02/ago/22,03/ago/22,04/ago/22,05/ago/22,06/ago/22,07/ago/22,08/ago/22,09/ago/22,10/ago/22,11/ago/22,12/ago/22,13/ago/22,14/ago/22,15/ago/22,16/ago/22,17/ago/22,18/ago/22,19/ago/22,20/ago/22,21/ago/22,22/ago/22,23/ago/22,24/ago/22,25/ago/22,26/ago/22,27/ago/22,28/ago/22,29/ago/22,30/ago/22,31/ago/22,01/sep/22,02/sep/22,03/sep/22,04/sep/22,05/sep/22,06/sep/22,07/sep/22,08/sep/22,09/sep/22,10/sep/22,11/sep/22,12/sep/22,13/sep/22,14/sep/22,15/sep/22,16/sep/22,17/sep/22,18/sep/22,19/sep/22,20/sep/22,21/sep/22,22/sep/22,23/sep/22,24/sep/22,25/sep/22,26/sep/22,27/sep/22,28/sep/22,29/sep/22,30/sep/22,01/oct/22,02/oct/22,03/oct/22,04/oct/22,05/oct/22,06/oct/22,07/oct/22,08/oct/22,09/oct/22,10/oct/22,11/oct/22,12/oct/22,13/oct/22,14/oct/22,15/oct/22,16/oct/22,17/oct/22,18/oct/22,19/oct/22,20/oct/22,21/oct/22,22/oct/22,23/oct/22,24/oct/22,25/oct/22,26/oct/22,27/oct/22,28/oct/22,29/oct/22,30/oct/22,31/oct/22,01/nov/22,02/nov/22,03/nov/22,04/nov/22,05/nov/22,06/nov/22,07/nov/22,08/nov/22,09/nov/22,10/nov/22,11/nov/22,12/nov/22,13/nov/22,14/nov/22,15/nov/22,16/nov/22,17/nov/22,18/nov/22,19/nov/22,20/nov/22,21/nov/22,22/nov/22,23/nov/22,24/nov/22,25/nov/22,26/nov/22,27/nov/22,28/nov/22,29/nov/22,30/nov/22,01/dic/22,02/dic/22,03/dic/22,04/dic/22,05/dic/22,06/dic/22,07/dic/22,08/dic/22,09/dic/22,10/dic/22,11/dic/22,12/dic/22,13/dic/22,14/dic/22,15/dic/22,16/dic/22,17/dic/22,18/dic/22,19/dic/22,20/dic/22,21/dic/22,22/dic/22,23/dic/22,24/dic/22,25/dic/22,26/dic/22,27/dic/22,28/dic/22,29/dic/22,30/dic/22,31/dic/22
Hidráulica,"49,977614","52,67185","53,077433","51,506319000000005","57,204864","60,829190000000004","61,838211","56,449569000000004","48,002614","71,548075","72,597988","64,169849","92,77688","94,155755","91,897093","77,930848","86,795307","88,297909","79,457701","69,43113199999999","55,317069000000004","52,918313999999995","66,034786","93,48890700000001","75,78536","82,579864","66,981804","54,868246","54,098189","52,944092","50,224619","43,991862999999995","45,799616","44,746372","43,792116","27,914378","32,253265999999996","34,202998","35,435235","44,356763","52,361554","57,390492","46,116569000000005","28,136996","36,444866999999995","43,54655","27,849294","42,871459","47,616089","33,037434999999995","39,444094","40,14206","41,178103","47,705327","53,455103","47,803921","48,600059","48,497279999999996","40,280311000000005","45,911612999999996","49,823706","58,341243999999996","48,36667","57,906561","54,770743","69,645818","45,983127","52,663226","44,995063","51,084667","49,161575","50,556216","53,689925","78,474256","85,722939","56,252796000000004","63,421718999999996","52,777297","43,072824","44,188837","51,062353","63,053453999999995","75,65484","68,241232","64,575389","43,939824","54,438452","66,52236500000001","59,443929","61,063546","62,140008","46,341217","35,374178","54,118868","78,624855","68,319442","47,992487000000004","44,547272","62,556566","32,671558","38,553580000000004","64,80064899999999","65,539885","49,898071","43,364368","34,116983999999995","41,490658","48,196576","51,808166","58,062193","74,08594000000001","76,439998","45,960144","58,222153","68,144285","71,179857","80,025496","94,998709","98,77958500000001","85,7001","64,127006","72,185089","92,016803","105,404156","84,941582","67,246195","70,766324","62,978392","77,40175","81,512518","75,55217900000001","65,93053","72,66664200000001","51,197105","50,261966","60,273199","62,835743","57,056337","61,063974","57,985422","53,658916","48,577464","58,657925999999996","51,709255","44,915366","40,598771","42,595192000000004","49,062515","36,028392","46,53426","56,561407","51,910863","63,242844","56,811147","42,910911","34,832781000000004","41,207654999999995","40,067534","39,122828","41,701699","46,416875","42,718669","35,655196000000004","62,44983800000001","58,689572999999996","70,185305","39,006266000000004","29,537536","35,897192000000004","25,806537","34,948697","38,157529000000004","31,35525","23,638559","25,412053","25,881375","26,597473","28,082670999999998","33,750150000000005","30,132386999999998","34,858091","39,212354","34,263005","31,813444999999998","33,59179","30,851401000000003","30,174694","27,875627","28,648074","29,494861","25,691599999999998","35,005336","40,414292","45,164564","39,856348","28,857431000000002","27,623404999999998","24,794258999999997","28,132929","29,519489","35,7416","32,204803","39,379847999999996","31,490218000000002","35,97169400000001","32,265232","40,619929","41,550688","48,235456","45,217788","26,598181","23,258737","38,637885000000004","40,754216","33,692910000000005","32,097771","30,02261","27,522507","24,362859","32,032864000000004","30,391966","32,843419999999995","33,701007","46,100779","29,947848999999998","19,241529999999997","23,380907999999998","26,85062","25,795254","31,048483","36,440354","32,407502","21,363967","30,260644","38,09395","34,358937","25,339447","28,648286","32,650366000000005","25,071657","35,326658","45,585408","29,005078","24,041772","21,166339","19,306052","19,061867","23,470905","20,349653","27,610692","36,478775999999996","56,777882","35,053778","25,647047999999998","26,852707","37,141655","41,705324999999995","61,308507","66,262621","45,427646","43,194643","57,715447999999995","58,232617","62,725947999999995","58,845828000000004","59,185516","51,184951999999996","47,12667","44,915266","17,597236000000002","19,043084999999998","23,002193","23,343054","18,620038","15,367976","28,291932","23,830244","16,645419","17,345985","21,744347","13,712736999999999","12,729915","22,893925","19,669190999999998","13,979355","19,764342","19,027654","14,068341","15,299205","19,813997","19,902562000000003","21,315711999999998","27,140138999999998","33,49677","28,219712","28,634669000000002","40,730698","30,011407","38,573101","23,568231","26,389594000000002","27,585312000000002","29,80349","29,52639","28,536895","33,024435","34,256896999999995","31,178459","25,197298999999997","24,902501","33,415002","29,444574","33,492881999999994","35,466364999999996","28,54217","26,399719","29,180589","33,56732100000001","29,803389","31,395118","34,513987","42,716288","35,004904","34,10324","42,715855000000005","54,148505","62,700887","76,06036599999999","69,035787","74,772981","67,384399","54,469643","86,74903","87,101931","79,890348","85,517542","88,43051799999999","86,37603","83,88322500000001","82,96651200000001","72,90649099999999","67,851692","70,893243","55,359857000000005","57,393066","63,873467","91,502591","110,000259","104,687169","128,129266","122,154877","67,912515","89,594907","103,509742","112,187567","126,913611","104,40061800000001","77,394868","63,25633","99,99040099999999","129,980233","85,265334","87,674093","72,426214","72,48547900000001"
Turbinación bombeo,"7,986193","11,216713","8,326017","24,092315","14,542686999999999","13,304323","13,942540000000001","7,989822","13,634709999999998","13,338887000000001","1,6141569999999998","1,361627","4,175526","3,789963","4,422917999999999","1,591904","6,520599","5,887969","3,6997820000000003","0,9369959999999999","0,182392","6,356085","1,993023","13,380030000000001","8,175683","7,806297","0,921609","1,0745820000000001","1,186828","6,8954070000000005","5,290157","5,05987","7,48777","4,4511080000000005","22,131861","11,641558999999999","9,688637","7,586868000000001","7,488501","10,313815","8,069938","12,093791999999999","4,787358","8,492747","19,201121999999998","11,831894","17,939597000000003","14,723934","20,879557000000002","9,857274","9,264996","9,912866","8,861366","12,962435","15,375703","10,252955","0,8002659999999999","0,806848","3,11531","7,4152960000000006","8,83908","14,254928","10,352924000000002","2,256635","5,017247","9,97156","8,523061","7,699007","6,327327","18,025625","18,549072","10,790464","6,20638","17,415699","6,844182","6,713760000000001","16,879554","4,990649","5,951618000000001","6,9243429999999995","4,974654","5,0344120000000006","12,22887","3,744181","3,8712","6,173036","7,035633","15,851762","8,781295","6,204699","9,807968","11,779123","10,037975000000001","13,950023999999999","14,832924","6,914551","16,311501","21,947018","13,532086","15,367337","12,557347","8,72417","13,122082","6,073229","10,585177","13,529547","12,380868","10,509221","20,495395000000002","10,191700999999998","15,605542999999999","10,150849000000001","10,900712","6,600277","8,262894000000001","8,146123","9,181136","8,092613","3,513071","3,610157","7,171511000000001","13,366283","15,209050999999999","8,528874","2,96595","4,65511","7,725831","7,785168","11,976254999999998","12,142216000000001","7,875293","7,355168","12,313362","5,518390999999999","10,618262000000001","13,930131","11,567058999999999","14,504397","6,522177","2,659565","7,14023","6,157475000000001","10,01299","10,264806","9,334244","15,464026","16,481292","6,609599","8,069018","20,016125","5,940179","4,539223","7,414079","1,4288610000000002","2,643249","8,629356","13,994187","8,923276","4,9374899999999995","10,541549000000002","5,633464","6,673635","10,149799000000002","18,594216","6,133209","2,014127","2,6603380000000003","6,444033","15,813191999999999","10,744831","17,901583","7,039417","3,544638","6,826795","11,584121","19,233625","13,770495","11,687668","13,152978","8,145587","10,124908999999999","8,786340000000001","4,150451","7,1689799999999995","2,192542","3,6602959999999998","5,654037000000001","4,995126","12,506153","7,675444000000001","3,9474720000000003","3,6036550000000003","12,188217","7,705413999999999","6,862845999999999","8,387934999999999","10,565564","8,258698","6,984044","14,529423000000001","6,362126","11,803441999999999","7,1032910000000005","5,8896180000000005","6,039808","6,141533000000001","2,573005","4,762779999999999","4,714983","2,406661","8,353639999999999","10,64407","14,024282","10,549084","6,655129","6,937425","2,313252","10,364611","11,931014999999999","6,168098","6,263299","6,26842","12,968202999999999","14,538898999999999","10,290612999999999","10,074311999999999","11,493120999999999","8,463457","11,696372","11,374120999999999","14,212333000000001","16,528805000000002","18,4342","11,439427","10,38114","12,475795","9,580120999999998","10,812578","8,661144","15,510829","16,448387","17,14295","5,37073","12,547925","11,951274","7,525119","14,493022999999999","13,19605","10,700597","15,872698","14,397198","7,0037910000000005","10,107338","11,597256","5,834788","5,1506549999999995","5,864752999999999","10,416158","10,008104999999999","5,723714","10,606891","11,490279000000001","5,852671999999999","13,133908","7,741927","7,178544","9,904675","5,435764","10,460094","11,923752","17,5804","11,476180000000001","9,634798","16,706013","14,120401","15,405511","14,186129999999999","10,851402","16,314953","13,065379","6,994752","9,756857","20,140887","16,700848999999998","10,203913","10,676872","12,143224","13,185321","9,543805","10,242827","11,93028","13,055236","9,866699","10,942662","2,888089","4,211060000000001","25,330420999999998","10,978422","7,785444999999999","10,923879000000001","13,065847","14,771877","10,310818999999999","19,361599","9,916982","6,937097","14,167415","10,625884","9,883064000000001","10,376021000000001","13,091388","15,168656","7,941560000000001","10,917922","8,109588","8,955316999999999","8,463719999999999","6,266176000000001","12,362236999999999","15,770188000000001","14,289015","20,390567","15,1691","19,485903999999998","16,224465","18,524057","10,675799999999999","7,461811","12,928516","10,967953999999999","16,285792","14,261004000000002","11,089656999999999","4,95701","11,535098","7,644178","14,106929000000001","8,577386","10,806251","9,325653","5,166936","11,759264","10,370074","10,97407","12,241584000000001","15,739763","20,240031","22,628833","10,016110000000001","8,497684999999999","5,3319350000000005","14,606435","19,250192","15,838749","11,566013000000002","17,466012","21,937796","23,169161","15,197767","22,584818","22,487008000000003","29,311923999999998","30,223614","19,014135999999997","27,743654"
Nuclear,"146,33095","146,138948","146,27489000000003","146,073107","145,97531","146,058038","146,066519","145,39637299999998","149,114117","157,620376","163,97479199999998","169,83823","170,731063","170,779552","170,821387","167,78174299999998","170,731688","170,661902","170,713595","170,635074","170,621715","170,659574","170,714617","170,646658","170,571719","170,613297","170,517674","170,60056400000002","170,255944","170,78339499999998","170,72214000000002","170,735352","170,711843","170,675615","170,699647","170,605324","170,589628","170,60641800000002","170,576693","170,657206","170,614904","170,59914600000002","170,482584","170,16238099999998","170,303684","170,41743599999998","170,35962700000002","170,128635","170,24707999999998","170,29759099999998","170,314951","170,153965","170,168092","170,088125","170,13545499999998","170,151712","170,259632","170,16294699999997","170,152596","170,231944","170,106605","170,05295900000002","170,138273","164,245691","168,052918","170,196362","170,245866","170,354377","170,315225","170,282275","162,36618900000002","144,392902","144,29093","144,25454399999998","144,421352","144,41858499999998","144,51964999999998","144,577684","144,56558900000002","144,450646","144,558484","144,80594399999998","144,806567","144,66775399999997","144,68861900000002","138,68335000000002","144,71107199999997","144,66435099999998","144,453706","144,169639","144,055684","143,886517","143,797402","143,753093","143,507317","143,336733","146,807436","144,40662400000002","142,830797","142,353393","143,577147","156,295081","166,296138","167,565889","166,914462","166,506507","166,260674","166,120416","165,859639","165,762789","165,574876","159,87950099999998","144,974772","134,546956","120,025977","120,03684600000001","119,999462","119,927415","122,718547","137,13735699999998","145,26492199999998","145,486589","145,52140400000002","145,735679","145,327918","145,446627","145,53786300000002","145,394657","145,086938","144,91618100000002","144,70450599999998","144,576471","144,36736199999999","124,80721799999999","120,601648","120,992245","120,923012","120,924808","120,803083","120,760462","120,91201600000001","121,09197999999999","121,12314599999999","121,16396499999999","121,27245699999999","120,520352","120,565501","120,489209","120,35164999999999","120,2938","121,39169199999999","125,66125699999999","131,771346","139,430793","143,327269","143,173245","142,84726","143,062748","143,113631","143,226515","143,118347","143,13088399999998","142,97122099999999","142,816437","142,450378","142,173021","141,46587899999997","141,655817","141,72301800000002","141,40185200000002","141,598758","146,06157199999998","162,67816200000001","164,254592","166,863684","166,799606","166,780001","166,995001","165,621453","166,633337","166,652082","166,720661","161,048481","166,023656","165,961985","165,890364","162,09375899999998","166,12174","166,28133799999998","165,852055","165,74460000000002","165,38403200000002","165,49764499999998","165,686636","165,618236","165,712218","165,827376","165,66275399999998","165,515193","165,419974","165,578586","165,674747","165,55651699999999","165,47061499999998","165,51856899999999","164,679242","165,86354999999998","165,877783","143,180637","142,300634","156,426318","164,96259700000002","164,951356","165,143801","165,432964","165,35531899999998","165,07923000000002","165,27818599999998","165,240657","165,137314","164,736163","165,138182","165,05552799999998","165,10247099999998","165,29411199999998","165,717284","165,29867800000002","165,766989","166,192886","166,311095","166,35614","166,087306","165,842444","165,7201","165,31243700000002","165,13661199999999","165,183853","165,417381","161,052384","164,910261","164,86001199999998","164,90580300000002","165,029982","165,01619699999998","165,453231","165,861941","165,87917199999998","165,720628","165,609566","165,567342","165,852362","165,779955","165,474033","165,40857","165,280649","165,407553","165,657529","166,067731","166,295536","160,691664","165,858452","166,018067","165,75023199999998","165,667424","165,13218799999999","165,166302","165,175323","161,263383","142,464889","142,581299","143,405713","143,79229","144,067902","144,187317","144,016114","143,65348999999998","143,721181","143,172004","143,261588","143,265345","143,072506","142,94252600000002","142,656994","142,643165","142,457842","142,339573","134,914853","118,59227899999999","118,62472","118,51474499999999","118,49517200000001","118,568194","118,972289","118,747382","119,24861299999999","118,97950999999999","119,18785199999999","119,122962","118,89829300000001","118,90536999999999","118,980687","119,102743","123,933001","118,262461","118,74055100000001","118,571242","118,464713","119,254291","123,484414","131,748764","140,99021299999998","143,63738800000002","143,955","144,060837","143,904125","143,84446","143,970276","143,69323","143,44642499999998","143,11236300000002","142,89147200000002","143,26220999999998","143,738286","143,76128500000002","143,612213","143,623295","143,30784400000002","143,567683","146,35106","145,21346100000002","150,199375","148,453637","160,61535800000001","168,10177299999998","169,034234","169,123649","169,658497","169,653441","169,623411","156,551209","145,047191","154,58540599999998","160,716855","161,143383","166,26381400000002","169,287455","169,397201","169,339921","169,42155499999998","169,629937","169,728246","169,74011","169,461389","169,50297899999998","169,479815","169,448442","169,472493","169,623482","169,72702999999998","169,72764","169,525121","169,74078599999999","169,685995","162,745626","155,126138"
Carbón,"19,956979999999998","21,540253","24,823677","24,087035","25,467901","26,664715","26,653538","26,268708999999998","23,072306","25,762399000000002","19,891315","18,862669999999998","16,627236","23,80701","26,806947","26,804858","26,631645","26,759121999999998","26,676512","25,916711","25,434300999999998","25,985080000000004","25,878766","20,590663","18,634517","18,910222","21,587516","14,822042999999999","16,761339","18,5068","19,770433","20,490707999999998","21,108068","23,947274","29,006867","20,654433","11,363961999999999","10,455757","13,761665","19,483017","28,458275","28,464597","26,034987","17,764214","17,04702","19,527115000000002","18,39039","18,578449","19,357736","15,103781000000001","16,482902999999997","18,694755","18,701986","19,122702","19,416045999999998","19,260167000000003","20,579389","28,55715","28,816115","28,72838","28,746394","28,993397","29,108794999999997","29,058069","29,079335","29,062934000000002","26,791823","19,380259","18,437174","18,979686","18,809701","18,004637","25,714432000000002","31,806808","33,548357","32,589399","30,737348","23,882447","24,477419","24,394384","25,739647","25,823161","17,005269000000002","16,311765","11,905543999999999","10,600877","11,655479","11,670963","10,776926","13,405316000000001","4,749472","5,970466999999999","4,448789","15,777316","32,511628","37,901191","35,642606","34,409183","38,010557999999996","17,911561000000003","15,129894","29,055416","36,653786999999994","34,955937","30,453618","19,935821","17,444875","23,024641","16,764755","16,140065","17,844634999999997","17,726613","12,781086","12,104044","22,302345000000003","25,436284","29,415293000000002","36,361989","35,449822","14,69091","12,237495000000001","17,067546","20,475655","20,487473","20,133126","18,770298","18,874181","16,316087","25,714852","27,183843","12,493744000000001","13,745539","16,915198","14,779119000000001","13,371746","16,117069","16,52586","17,651752000000002","17,859535","17,288847","15,807903","14,59642","16,450722000000003","15,826398999999999","14,530445","14,197818999999999","13,847706","14,179869","14,296156000000002","17,173758999999997","22,238395","20,123293","21,829792","24,960335","24,937429","21,828386","23,602952000000002","24,015176","15,460127","15,980609000000001","15,953849","14,376325000000001","13,430797","23,545537","29,062767","38,285134","41,121032","44,399531","40,437874","34,862922","36,437762","28,0797","27,58727","35,051258000000004","32,164485","31,284833","31,219876","32,387012","32,789076","32,62835","25,376971","25,913789","29,878411","27,902408","33,130226","31,479433","31,593114","30,781274","29,207787","25,286732","22,208813","28,727292000000002","19,171539","13,810664000000001","7,326823999999999","25,179098000000003","31,18708","30,542865000000003","29,566747","31,858967","32,571017","33,15938","32,967774","32,648117","32,049185","32,218990000000005","28,723224","27,404894","31,225924","32,385361","32,118642","30,006926","32,522493","32,760821","20,865766","19,353854","19,143361000000002","19,347099","23,673665","30,07243","28,349279","29,804374","30,153033999999998","30,193908","30,111276","28,978407999999998","28,770424","28,884088","27,441946","28,191971000000002","29,634407","29,300253","28,723599","28,935551","28,229426","28,071254","28,080133","28,080927","27,834892","20,623832","20,090775","21,216977","12,152311","19,065896000000002","19,471936000000003","13,237697","12,525481","24,150008999999997","24,416543","23,815186","23,138588","23,059641","23,087488","23,128241000000003","23,092615000000002","23,082435","22,933679","20,664285","20,170312999999997","19,293826","16,610506","20,27078","14,403528","14,671085999999999","27,726654999999997","13,853911","21,199238","20,316374","26,778915","25,802653","24,133871","24,594338","23,371005","24,496338","25,266397","17,783901999999998","4,698655","8,949842","18,982002","19,195856","12,049359","14,655744","19,828080000000003","28,939456999999997","23,89936","27,202720000000003","25,408602","14,918006","7,042452","14,617075999999999","6,621701","5,975448999999999","6,177004","5,856757","3,0401979999999997","3,487664","5,97284","5,976492","5,699165","3,497916","4,246236","4,111555999999999","4,822136","7,553064","6,573917000000001","11,625646000000001","12,922518","14,287085999999999","13,411931000000001","6,689189000000001","7,122618","6,462192","6,708303","8,50451","6,227336","6,553041","6,166572","6,3291710000000005","6,251894","6,343973","6,358983","6,303929","5,858649000000001","5,843183","6,255974","6,379988999999999","6,86944","12,171413000000001","17,014725","23,122359","25,353859","19,392384999999997","22,142412","26,222557000000002","24,52558","25,143548","23,084903999999998","25,462718000000002","27,545231","24,645894000000002","26,421683","26,11195","23,345481","25,5927","32,155761999999996","35,984423","32,492718","32,061459","37,086037","37,186651","36,885307","28,693029","30,140432","23,932597","17,790685","16,693895","14,142005999999999","6,236541","5,708253","11,134597","14,092004000000001","7,727097","7,581479","7,639122","6,429201"
Fuel + Gas,-,-,-,-,-,-,-,-,-,-,-,-,-,-,-,-,-,-,-,-,-,-,-,-,-,-,-,-,-,-,-,-,-,-,-,-,-,-,-,-,-,-,-,-,-,-,-,-,-,-,-,-,-,-,-,-,-,-,-,-,-,-,-,-,-,-,-,-,-,-,-,-,-,-,-,-,-,-,-,-,-,-,-,-,-,-,-,-,-,-,-,-,-,-,-,-,-,-,-,-,-,-,-,-,-,-,-,-,-,-,-,-,-,-,-,-,-,-,-,-,-,-,-,-,-,-,-,-,-,-,-,-,-,-,-,-,-,-,-,-,-,-,-,-,-,-,-,-,-,-,-,-,-,-,-,-,-,-,-,-,-,-,-,-,-,-,-,-,-,-,-,-,-,-,-,-,-,-,-,-,-,-,-,-,-,-,-,-,-,-,-,-,-,-,-,-,-,-,-,-,-,-,-,-,-,-,-,-,-,-,-,-,-,-,-,-,-,-,-,-,-,-,-,-,-,-,-,-,-,-,-,-,-,-,-,-,-,-,-,-,-,-,-,-,-,-,-,-,-,-,-,-,-,-,-,-,-,-,-,-,-,-,-,-,-,-,-,"-0,000001",-,-,-,"0,000001",-,-,-,-,-,-,-,-,-,-,-,-,-,-,-,-,-,-,-,-,"-0,000001",-,-,-,-,-,-,"0,000001",-,-,-,-,-,-,-,-,-,-,-,-,-,-,-,-,-,-,-,-,-,-,-,-,-,-,-,-,-,-,-,-,-,-,-,-,-,-,-,-,-,-,-,-,-,-,-,-,-,-,-,-,-,-,-,-,-,-,-,-,-,-,-,-,-
Motores diésel,"6,252356","6,348402","7,209792","6,617774000000001","6,353778","5,292662999999999","6,008236","6,323536","7,040148","7,466766","7,186688","7,119028","7,247957","6,543931","6,701684","6,581307","6,804695","7,135656","6,98521","7,267784","7,737108","7,324974","7,216585","7,164109000000001","6,275249","6,7555309999999995","6,859845","6,5181000000000004","6,4922200000000005","6,370953999999999","6,923099000000001","7,379139","6,906519","6,965377999999999","7,007079","7,163201","5,528524999999999","6,272759","6,645178","7,143828999999999","6,962594","7,449776","6,452193","5,870384","6,619658","6,620358","5,989109999999999","6,401111","6,1821909999999995","5,825157","6,251878","7,218885","7,433770000000001","7,624508","7,188693","7,373418","6,2103530000000005","4,806045","6,083837000000001","5,903414","6,533288","6,363369","6,093363999999999","6,651198999999999","6,0632269999999995","6,480545","6,342107","6,923195","6,994903","7,006616","6,849539","6,854261999999999","6,774946","6,1285739999999995","6,127864","6,645189","6,9760290000000005","6,578557","6,351148","7,111104999999999","7,153664","7,538143","6,977117","7,607156","7,439013","6,037987","6,738392","7,1543209999999995","6,613226","6,44033","6,738561","7,051895","6,490075","7,04908","7,4810360000000005","7,697628","7,447901","7,205114","6,4220619999999995","7,025263","7,442622999999999","7,4003879999999995","7,162099","6,428562","6,345593","6,760832000000001","6,291353","6,071603","5,8874949999999995","5,633731","6,3796","7,236109000000001","7,199889","6,557019","7,9691469999999995","7,586893","6,9597430000000005","6,602139","6,807403","5,769421","6,459554","6,148506","7,0259","6,903982","6,997224","6,881321","5,900007","5,393206","7,089456","8,451784","7,933595","7,995666","8,000499","7,481759","6,751843","7,284096","7,293698","6,948341999999999","7,439935","7,201118","6,219145","6,128729","6,204688","5,994986","6,296396","6,949612","7,340678","6,892207","7,5515929999999996","7,195085","7,48977","7,318409","7,8515950000000005","7,86619","7,206468","6,811230999999999","7,455812","7,279164","7,3237879999999995","7,437903","7,781867","7,067169","6,938102","7,767588","7,5689660000000005","7,864429","7,145823","6,947183","7,582277","7,748717","7,579839","7,612038999999999","8,191167","7,944093","8,227908","7,8439499999999995","7,296003","7,761731","7,1907179999999995","6,918772","7,318395000000001","8,007464","7,499214","6,9299290000000004","7,3809260000000005","7,441204","7,510153","7,602336","8,500724","8,319825000000002","7,37051","7,719561","7,657227","8,008127","7,67021","7,632755","7,577237","7,181","7,527464","7,892782","8,051809","8,281393","7,863252","8,778205","8,050032","8,878043","8,540644","8,201187","7,749065","7,610722","7,516213","7,820334","8,364449","8,183854","8,26443","7,8304","7,563897","7,997205","7,650471","8,062452","7,999219","8,677517","8,83465","8,769807","8,107908","7,621091000000001","7,315092","8,143064","7,191998","7,592996","7,773129","7,764205","7,396446","8,018453000000001","7,426244","7,233332000000001","7,380142","7,827037000000001","7,80369","7,649048","8,191970999999999","8,641617","8,397701","8,08347","8,414152","8,325375","8,380514999999999","7,936357","7,669985","7,08709","6,5589960000000005","7,0610550000000005","7,8019989999999995","7,872351","7,811859999999999","7,403981","7,987851","7,352","7,222768","7,290357","6,9892460000000005","7,584007","7,144981","6,479969","6,499356","6,452082000000001","7,247745","7,202077","6,951890000000001","5,885046999999999","5,975213","5,707872999999999","5,687075","5,689345","6,217272","6,84836","6,1351949999999995","5,698003","6,132548","6,325404000000001","6,159896","5,6007","6,863299","7,236052","6,58583","6,088032","6,300206","6,7398299999999995","6,7203599999999994","7,033207","6,749873","6,332383","6,074463","6,273924","6,965659","6,665519000000001","7,153714","7,0501689999999995","7,036045","7,204741","7,180796999999999","6,370554","6,511602","6,36757","5,660625","6,4624880000000005","5,939247999999999","5,7434009999999995","6,138522","5,939069000000001","7,112253","7,312371","7,39245","6,948747","6,803147","6,900125","6,294295","7,324549","7,142737","7,406492","7,49963","6,418754","5,213353","5,293026","5,693801000000001","5,67255","6,136856","6,321266","6,7193689999999995","6,033269000000001","5,318472","5,834804","6,542015999999999","6,979169","7,232911","7,235963","6,633634","4,902331","5,902269","6,2949340000000005","5,555836","5,851897","6,868414","6,561754","6,481348","6,849064","7,040386000000001","6,282588","6,5630299999999995","6,545504","6,889491","6,728176","6,7525","6,502933","6,387475","6,59377","7,001759","7,061591999999999","6,040657","5,979304","5,6769","6,152953999999999","6,4735439999999995","6,639457","6,559593"
Turbina de gas,"0,340765","0,5380929999999999","0,8497910000000001","0,876801","0,227282","0,21513300000000002","0,498695","0,441786","0,9521069999999999","1,3175299999999999","1,01117","1,4435930000000001","1,127939","1,003918","0,6287269999999999","0,9175979999999999","1,9891880000000002","1,581969","1,588786","1,1400899999999998","2,0025630000000003","1,183817","1,395586","1,8645820000000002","1,3876700000000002","1,4335630000000001","1,672237","1,7385519999999999","0,8705890000000001","1,002596","1,204048","2,3292770000000003","1,71493","1,8432629999999999","1,471177","0,503536","0,41124099999999997","0,795647","1,2976130000000001","1,278836","1,281682","1,44399","0,493365","0,7685019999999999","1,271947","0,975615","0,951665","1,2538","0,896445","1,045812","0,790318","1,658216","2,030709","1,6909159999999999","1,8851980000000002","1,5199760000000002","1,076883","0,92479","0,722653","0,551481","1,04305","1,058615","1,018817","1,611188","0,975637","2,038003","2,205034","2,2755349999999996","2,16979","1,330669","1,009607","0,9923569999999999","1,149451","1,673005","1,627976","1,2293150000000002","0,8909389999999999","0,542073","0,4205","0,787705","1,267903","1,170987","1,377734","1,336732","0,867856","0,993214","1,003862","1,7644980000000001","1,1910239999999999","1,2871569999999999","1,149702","1,1066669999999998","1,2494020000000001","2,007438","2,426207","2,333903","1,475314","1,2345709999999999","1,232669","1,5088840000000001","1,454135","1,0097960000000001","0,8383189999999999","0,429181","0,34286","0,383689","0,251367","0,543385","0,628382","1,059628","0,8222010000000001","0,973401","0,743717","0,941837","1,509133","1,867878","1,578662","1,5277290000000001","1,3582509999999999","0,584052","0,483396","1,6255460000000002","1,732053","2,082427","1,86149","1,34799","1,3311849999999998","0,877069","1,6776980000000001","2,331715","2,496143","2,085852","1,690582","1,062171","0,941117","1,009557","1,561348","1,405929","1,507824","0,806825","0,371634","0,478636","1,0894570000000001","1,1175419999999998","1,0154349999999999","1,426107","1,319797","1,637368","1,0451469999999998","1,094037","1,7947","2,6547680000000002","1,853563","1,523993","0,8093429999999999","0,5977039999999999","1,249598","1,332117","1,73851","1,635552","1,608588","0,901201","0,776786","2,224225","2,10944","2,9290149999999997","2,038549","2,3405549999999997","1,177353","1,2095989999999999","2,191415","2,730632","2,353748","1,578759","1,157361","0,788727","0,777938","1,374122","1,1438199999999998","1,5206140000000001","1,4064269999999999","1,502365","1,3966120000000002","1,2439559999999998","2,201964","2,4659250000000004","1,979933","2,1210929999999997","2,600753","1,549845","1,363896","2,505912","4,338819","3,445577","4,766571","3,287058","2,6244140000000002","2,259324","3,114415","3,622949","3,0827109999999998","3,043632","2,4103499999999998","3,212873","2,5242370000000003","4,167095000000001","2,5778119999999998","2,3618560000000004","2,039876","2,115498","1,995204","1,8073599999999999","3,740785","2,5066990000000002","2,648895","2,878511","2,799467","2,2276770000000004","2,118388","2,246613","2,647843","3,30692","3,322834","3,130897","3,521178","3,48135","3,451612","2,6411550000000004","2,902774","2,1512640000000003","2,304522","1,987614","1,691732","2,432039","2,8680459999999997","2,776982","2,9527020000000004","2,705663","2,787127","1,851015","2,246735","2,743809","4,4548000000000005","3,4808809999999997","3,587167","2,653203","2,530547","3,09779","2,8619470000000002","2,2097689999999997","2,732151","2,872214","2,576562","2,3343380000000002","3,7478119999999997","4,219855","3,954065","2,938717","3,088132","1,8097999999999999","2,002697","3,0816329999999996","2,791072","2,550747","2,0772869999999997","1,960132","3,126685","4,7109700000000005","2,935964","2,0645160000000002","2,143936","1,933358","2,3486689999999997","1,157316","1,932024","3,06731","2,773815","2,21623","2,667438","2,7293429999999996","1,5596949999999998","1,178944","3,234869","2,382511","1,38556","2,441426","2,158988","1,810587","1,297309","3,867532","3,854172","3,862325","4,018772","3,041408","2,384171","1,98722","4,134624","3,132555","3,4247330000000002","3,984277","2,941353","1,622131","1,266629","1,760067","1,0421179999999999","1,655905","1,71044","0,977475","1,556694","1,176686","1,790211","1,958747","1,63744","2,047651","1,8882059999999998","1,3516620000000001","1,398373","2,2061640000000002","2,494341","2,1027750000000003","1,946964","1,649237","1,276184","0,6876319999999999","1,964906","2,0529859999999998","1,709133","2,087556","1,265637","1,171965","0,72604","1,231259","1,2160909999999998","1,4294090000000002","1,762944","1,706661","1,178216","0,7781950000000001","1,343836","1,349732","1,832545","0,998969","1,626769","1,185617","1,546886","2,551422","2,892727","2,265342","1,847029","1,794684","1,1591179999999999","1,3931600000000002","2,0743679999999998","2,0501419999999997","1,7894400000000001","2,044306","1,375496","1,004356","0,585813","0,893299","2,4844459999999997","1,046374","1,25047","1,596681","1,447493"
Turbina de vapor,"3,337645","3,650393","3,9480120000000003","3,319135","2,9889409999999996","2,851174","2,9331869999999998","3,2792060000000003","3,519616","4,192708","3,696306","3,845249","3,776847","4,153547","3,906511","3,393563","4,275303","4,024515","4,140046","4,741515000000001","4,683542","3,549056","3,424613","4,130298","3,855108","3,900711","4,189808","3,9960459999999998","4,195407","3,660941","3,870853","4,338203999999999","3,444875","4,157814999999999","4,194787","3,571698","2,840817","3,580244","4,203158999999999","4,265473","4,280005","4,080229","3,400817","3,4446019999999997","3,900845","3,002583","2,8615880000000002","3,366196","3,2415760000000002","3,084486","3,339787","4,570984999999999","4,177063","4,482857","3,722223","3,699835","3,296024","3,10697","2,97492","3,016299","3,003109","3,385681","3,167819","2,992201","3,735886","3,841922","3,96285","3,665479","3,888076","4,5975150000000005","4,128299","4,439308","4,087374","4,471082","3,148924","2,3685169999999998","3,172641","3,535653","3,4948110000000003","3,830479","4,190220999999999","3,9220990000000002","4,216399","4,156136999999999","3,843404","2,9750259999999997","3,708555","4,32119","3,6546930000000004","3,4892950000000003","3,315036","4,520575","3,107692","3,305669","4,291669","3,8011790000000003","3,53351","3,240839","3,691719","3,037225","4,038873","3,625359","3,875328","3,10018","2,862303","3,123929","3,1502179999999997","3,340379","2,834975","2,821879","3,252936","4,074707","4,068891","3,330304","3,998469","4,166772","3,046091","3,103679","3,0216030000000003","2,954378","2,896973","2,9183739999999996","2,843254","3,348899","3,4002820000000002","3,281926","2,9495270000000002","2,885779","3,319428","3,830197","3,640299","3,8306080000000002","3,902005","2,657102","2,274998","2,802828","2,585494","2,537097","2,676723","2,594826","2,257129","2,146608","2,284176","2,2246390000000003","2,071504","2,509424","3,416427","3,4155830000000003","1,4911679999999998","1,4132470000000001","2,443129","2,481304","1,679636","1,6910319999999999","1,381701","2,016105","1,487587","1,501261","1,425509","1,6197929999999998","2,11562","2,0696239999999997","1,743762","2,160765","2,146376","2,843111","2,4802530000000003","2,122654","1,361839","1,441541","1,466919","1,764152","2,079999","2,8669029999999998","2,488276","2,548261","2,2396149999999997","2,155843","2,29225","2,568987","2,385224","2,3994679999999997","2,397938","2,181371","2,2812069999999998","2,3158510000000003","2,4777620000000002","2,503875","3,266834","1,976022","1,4255360000000001","1,41027","1,6705450000000002","1,374547","1,036623","0,631893","0,8907419999999999","1,562182","2,148603","2,331052","2,195424","2,340448","3,109109","4,396578000000001","3,979174","3,636699","2,351703","3,030897","3,1673449999999996","2,802244","2,9031529999999997","3,018504","3,957812","3,541881","2,6574340000000003","2,878724","2,9196370000000003","2,856741","2,8490659999999997","3,447922","3,735688","3,960028","3,738192","3,5033279999999998","3,376788","2,92903","2,9809650000000003","3,2222310000000003","2,9824859999999997","2,8813760000000004","4,1401069999999995","3,30009","3,224221","2,8432600000000003","3,0245390000000003","2,8651999999999997","3,1059340000000004","3,4540100000000002","3,641622","3,089826","3,497506","3,260199","4,551169","4,337419","3,946478","4,066916","3,537518","3,35176","3,041086","3,170575","2,979594","3,136437","3,496225","3,7269189999999996","4,535010000000001","4,424742","3,8796109999999997","3,8061149999999997","3,7043670000000004","4,077034","3,931734","4,730594","4,631517","3,404432","3,0089960000000002","3,2139699999999998","3,673465","3,2023989999999998","3,5332890000000003","3,4273919999999998","3,328507","3,414429","4,235461","3,0876770000000002","3,68507","4,419779","4,105648","3,51102","3,953423","4,274166","3,370975","2,8588","3,038339","3,646993","3,128084","3,0601930000000004","3,194979","3,5243919999999997","3,468663","4,099455","4,150568","4,216734000000001","4,598476","4,480601","4,314419","3,5150010000000003","5,2065339999999996","4,861021","3,3139209999999997","3,0753429999999997","4,545916","3,8107710000000004","3,903061","4,178798","3,244063","4,027056","3,613516","3,4044470000000002","2,408087","2,5629470000000003","2,6832420000000003","3,028386","2,4652130000000003","2,6375610000000003","3,501983","3,415424","2,9373690000000003","3,491459","3,300091","3,752396","3,445523","2,8016750000000004","2,212165","2,256237","2,96502","2,9103600000000003","3,1050479999999996","3,3464769999999997","3,015108","3,663372","2,961645","3,1584119999999998","3,581269","3,875618","3,769964","5,096113","4,4774009999999995","3,0029090000000003","4,300063","3,3924090000000002","3,542165","4,312133","4,682208999999999","4,422587","3,602528","2,398022","2,2781260000000003","3,028617","3,583616","4,060499","4,367028","3,756688","4,783548","4,772366","4,229853","4,051378000000001","4,678966999999999","4,133676","3,343449","4,240693","3,276666","3,351063","4,333462000000001","4,906180999999999","4,522276"
Ciclo combinado,"69,42268700000001","117,092931","134,953916","82,052624","92,20616700000001","79,327742","125,376602","56,760764","53,888588000000006","143,050785","181,39233199999998","180,645913","259,633681","300,50708399999996","195,76436900000002","187,62904","289,484886","349,50878","315,19265","233,373207","158,692237","189,88549","207,331592","318,82735499999995","330,638512","320,552828","298,63151799999997","194,040847","152,35764300000002","164,74413099999998","115,427544","107,375918","259,094425","315,989302","240,65739000000002","107,43635400000001","105,965711","160,344026","237,219","267,631097","304,48607699999997","279,433101","216,303541","72,836028","97,549222","133,039904","91,930306","168,439316","114,258738","74,519398","94,960695","125,20552599999999","141,356079","192,499727","177,140769","91,863889","147,688079","151,459174","194,57822099999998","185,783962","167,45091399999998","117,757047","89,13611","96,28610400000001","88,743187","177,07387100000003","165,041771","139,985345","116,505227","108,152197","76,024991","105,02575999999999","98,763874","108,833338","173,13363099999998","64,380857","111,743508","80,736567","83,934854","139,03802","122,98933","105,82475199999999","120,502476","140,032757","126,963938","105,311155","183,50978400000002","242,59251999999998","159,40183199999998","72,543521","71,358674","76,342473","68,778254","91,418673","177,014195","183,758652","52,675777000000004","52,142535","102,411328","79,00462399999999","65,597635","167,837316","136,577339","82,707201","99,011056","80,85941700000001","68,230242","53,339421","53,836746","49,502506000000004","75,057945","100,909103","53,628944000000004","100,57603","174,956414","216,189063","224,593434","147,620934","141,110566","99,819406","88,80400900000001","70,204911","76,775347","75,217919","74,256256","64,118009","66,62328500000001","80,10563099999999","111,037459","124,118395","142,829192","173,16364000000002","175,902901","126,18132000000001","63,584218","126,810005","175,369046","204,843153","167,237921","165,67770800000002","105,315701","104,202574","115,44054399999999","131,821205","120,036035","87,966258","81,55644500000001","88,584005","107,40428299999999","194,949821","223,502289","204,632404","213,40853700000002","222,415384","165,50134400000002","134,478509","151,233565","209,389048","197,841446","187,736783","175,170753","108,898336","92,30627199999999","198,598608","315,255745","367,810831","384,80899900000003","351,772311","205,963349","150,112388","280,689744","339,750392","333,817013","303,81286800000004","170,550709","150,90664999999998","103,785596","135,868005","244,610192","199,715422","178,096112","202,144264","170,330368","146,40497200000001","224,890685","201,49724700000002","175,915127","144,930691","176,291562","195,583091","238,011774","310,17831","346,156651","396,453645","393,903307","369,535476","353,152892","309,17154700000003","349,116119","274,75094900000005","320,22916499999997","314,539392","293,118585","286,33457400000003","289,393057","314,461638","310,78641","305,279532","307,948807","320,41286099999996","206,940508","212,59593900000002","301,863388","342,973486","342,412414","303,606859","261,99405","239,44904300000002","225,612754","304,770565","310,180428","310,105232","318,37109000000004","332,606636","282,697908","189,91069","187,393225","184,238279","152,023845","126,172108","160,84182199999998","227,08736","163,474944","164,81838","275,89522700000003","318,260395","278,069963","220,49865599999998","265,643893","239,709286","304,822099","382,186003","364,337653","376,964985","357,01456800000005","269,088263","172,735123","233,25684700000002","290,12122","314,402756","333,268707","331,712782","308,725297","257,556978","305,665825","227,595071","306,496124","362,981967","248,812614","200,130088","178,718943","284,334136","313,64101500000004","315,208561","311,37915100000004","305,939707","147,385236","104,524734","187,59054999999998","184,11685999999997","142,577494","146,099023","186,856106","214,734398","202,249015","343,111187","373,12587","342,30352899999997","265,886355","330,992755","254,336008","237,040937","353,18527","366,69282799999996","297,364869","335,419442","307,39333500000004","245,78778400000002","139,895518","226,89035","211,304969","196,062241","207,750584","237,12716500000002","127,569357","77,697742","176,09383499999998","178,96736199999998","224,416337","116,012338","129,578312","94,311603","149,608522","103,94919800000001","175,747788","230,93779500000002","141,080492","176,366578","224,544586","128,877362","160,305378","151,89444","271,991706","305,22598800000003","194,169236","113,968408","135,692331","221,01559","101,346289","90,653913","87,478679","136,96822899999998","76,907076","88,315136","64,876496","74,242648","116,65879","206,200407","161,3594","130,130038","116,16149","94,930639","192,765017","301,594452","203,913949","303,77459899999997","264,41975199999996","227,130267","248,70076500000002","342,056781","357,781546","168,746298","209,698173","139,13324400000002","161,792913","77,15292699999999","94,38695","90,27777999999999","162,0791","151,741902","170,68379099999999","67,123689","70,67207","73,167931","65,577484","60,898994","62,483822999999994","72,359217","69,53779399999999","112,00803599999999","100,592288","68,62919000000001","62,30132","48,002044000000005","61,76823"
Hidroeólica,"0,010234","0,010007","0,004882","0,026748","0,073632","0,10707299999999999","0,108778","0,10365300000000001","0,046344","0,022862999999999998","0,010506","0,006709","0,010737","0,020791","0,062859","0,07080800000000001","0,072505","0,063119","0,049307000000000004","0,013252","-0,001982","-0,001518","-0,002383","0,00647","0,059863","0,074673","0,024009","0,004887","0,022861","0,01306","0,016169","0,004784","0,013624","0,004247","0,015837999999999998","0,023835000000000002","0,044961","0,090694","0,016301","0,024837","0,028139","0,02017","0,074902","0,052197","0,041567","0,079107","0,093095","0,046874","0,074714","0,10588800000000001","0,107078","0,037456","0,009315","0,008326","0,028448","0,050587","0,112396","0,134236","0,138429","0,134827","0,13356800000000002","0,112113","0,099047","0,097568","0,081096","0,06282800000000001","0,043031","0,038819","0,058061","0,058351999999999994","0,054693","0,06853100000000001","0,10968000000000001","0,078754","0,098767","0,096474","0,041781","0,045939","0,076949","0,05056","0,048352","0,08229500000000001","0,067208","0,017029","0,047328","0,014407999999999999","0,022982","0,052255","0,07583799999999999","0,05719","0,027639","0,001964","0,015263","0,061506","0,058239","0,060606","0,055210999999999996","0,060378","0,02568","0,010347","0,026526","0,080516","0,112426","0,119798","0,125619","0,058864","0,013429","0,02391","0,095491","0,108973","0,06638200000000001","0,034390000000000004","0,021739","0,013736","0,034447000000000005","0,055621000000000004","0,078803","0,08315","0,093981","0,127894","0,125765","0,13217199999999998","0,126886","0,0745","0,060046999999999996","0,069717","0,077131","0,108591","0,04967","0,011785","0,012945","0,024922999999999997","0,015608","0,013128","0,003692","0,003611","0,042051000000000005","0,08518","0,06738","0,098386","0,107059","0,105237","0,11183499999999999","0,110861","0,101494","0,073607","0,050853","0,024047","0,018027","0,007885","0,003101","0,007208","0,045664","0,077227","0,092567","0,124581","0,058585","0,03613","0,039073000000000004","0,039338","0,041969","0,12993700000000002","0,058136","0,01205","0,024585","0,048773000000000004","0,113096","0,136494","0,123567","0,117789","0,08527599999999999","0,08414100000000001","0,047515","0,05675","0,08909600000000001","0,128933","0,12701","0,133326","0,12367700000000001","0,112063","0,13500399999999999","0,126884","0,111023","0,10924299999999999","0,13324","0,136715","0,139292","0,133569","0,14040899999999998","0,139595","0,14051499999999997","0,10409399999999999","0,08957599999999999","0,041447000000000005","0,050406","0,0994","0,093982","0,10643300000000001","0,144513","0,14468199999999998","0,14865199999999998","0,152704","0,142597","0,037950000000000005","0,021845","0,095914","0,077656","0,113016","0,15435","0,155042","0,148303","0,12989599999999998","0,08446","0,12684099999999998","0,128827","0,138775","0,14118799999999998","0,111371","0,086448","0,132771","0,125946","0,084744","0,093209","0,11247599999999999","0,125956","0,11609799999999999","0,13220500000000002","0,12729000000000001","0,125875","0,11033899999999999","0,103328","0,104877","0,11587399999999999","0,135745","0,134526","0,132846","0,135826","0,14706899999999998","0,104651","0,047597","0,058819","0,11523900000000001","0,076459","0,07037399999999999","0,047149","0,088036","0,076391","0,10511100000000001","0,12267","0,150075","0,15110099999999999","0,14036600000000002","0,114413","0,021565","0,007131","0,020628","0,047111","0,097995","0,121071","0,08826","0,026997","0,03171","0,022681999999999997","0,052314","0,09027400000000001","0,068328","0,007584","0,0029590000000000003","0,038045","0,030876999999999998","0,061918","0,066914","0,105046","0,08767","0,029347","0,006856","0,005849","0,081173","0,11684900000000001","0,114903","0,11001000000000001","0,09134600000000001","0,09535500000000001","0,078159","0,09128700000000001","0,105958","0,106607","0,074396","0,022817","0,013569000000000001","0,021244","0,015121","0,008547","0,015862","0,016097999999999998","0,037293999999999994","-0,00132","-0,0023610000000000003","-0,002186","-0,002467","-0,00275","0,000303","0,0024159999999999997","0,012119999999999999","0,02027","0,001289","0,032588","0,060597","0,050641","0,018646","0,015636","0,027664","0,05471500000000001","0,044605","0,033682000000000004","0,002754","0,01471","0,012375","0,023736","0,002211","0,016382","0,052661","0,100147","0,10055700000000001","0,090417","0,05132","0,026346","0,019684999999999998","0,01312","0,015269999999999999","0,051337","0,08161","0,079539","0,054899","0,039117","0,049935","0,028391","0,002034","0,001276","0,0014370000000000001","0,002277","0,00277","-0,001156","-0,001501","-0,001813","-0,002267","-0,002054","0,021305","0,018175","0,012241","0,002245","0,007619","0,000247","0,000035000000000000004","0,004377","0,001552","-0,000014999999999999999","0,002593","-0,0011790000000000001","0,013483","0,03463","0,049941","0,032302","0,02376","0,025347"
Eólica,"139,626383","103,705874","152,618403","305,404417","295,407698","204,61548000000002","216,527989","267,811847","393,254849","307,710197","244,61762299999998","263,677608","129,536027","84,743818","62,950581","65,18016300000001","77,14612600000001","51,623799","96,967658","209,23810500000002","308,17911499999997","175,449539","95,110333","82,523812","103,98276","126,042576","135,88542900000002","214,710929","116,010519","92,209933","292,30757","314,68843300000003","144,39986","84,006011","105,63605899999999","195,88447399999998","153,015786","235,313763","136,930457","103,128742","50,506982","74,347414","52,034891","250,749109","303,724432","240,04665","321,315067","180,262017","150,23137599999998","233,20709200000002","142,157428","197,196194","181,363677","111,784252","135,559761","303,648468","178,888838","66,641313","66,294226","131,035346","191,23772","184,143551","285,856794","165,91769200000002","132,185701","105,56428299999999","170,856247","161,773514","203,952628","251,17931","233,443773","164,167283","360,837584","326,436223","208,154855","395,206543","206,633565","140,948172","240,690304","285,448645","308,131853","280,66862199999997","227,58694200000002","187,349187","117,391578","119,646663","177,423858","65,51397800000001","187,492379","311,565673","324,20962699999995","251,770297","247,525747","301,60126899999995","181,090523","143,313486","296,452414","347,051314","146,08863","188,86360399999998","342,560156","175,159063","119,452591","119,459917","69,89465799999999","137,312289","124,359011","174,549473","248,60784","348,176006","223,474693","179,351018","347,508713","169,290687","35,0477","67,31409","48,844415","90,648742","83,261468","123,56692","102,14765200000001","161,41723499999998","187,800869","179,51101500000001","202,590336","227,600076","153,39345699999998","102,718633","63,718449","78,839793","125,221974","132,174268","50,622304","108,11055","200,493657","124,23288099999999","108,525561","115,28910400000001","191,819658","209,325174","175,485261","158,335742","174,82207300000002","201,245631","232,372324","245,595601","224,88951500000002","142,93133600000002","147,647695","105,580715","53,191451","115,303706","71,509853","77,770021","88,337573","81,173728","97,94636100000001","91,57766099999999","184,528457","163,43097899999998","128,700535","176,679517","203,17068","163,75711900000002","86,970097","98,23680499999999","107,19055999999999","130,384745","191,104701","216,380934","117,200371","97,098283","83,826923","118,677243","147,673748","116,552268","125,348636","191,88238099999998","84,652943","114,127285","135,98672","118,00708999999999","141,236277","169,70003599999998","154,488828","225,178003","239,554106","262,30250900000004","213,26542","142,497512","108,823119","116,084895","111,473318","102,770026","116,855204","158,804748","95,32043399999999","113,58600299999999","156,678123","174,26325599999998","117,776556","158,385417","170,12613000000002","118,994294","85,41045600000001","140,78429699999998","175,32679000000002","131,624402","85,97528100000001","122,729109","196,432504","141,54796299999998","122,73201700000001","102,199825","129,797513","176,583671","215,26621","166,125855","132,030079","117,300638","157,21440900000002","127,463069","102,051894","75,67802","184,05250700000002","147,001998","119,615768","176,37933999999998","179,316212","190,275515","151,03855900000002","86,577405","124,52932000000001","188,086289","127,60775199999999","105,09840700000001","146,078356","195,102096","105,64012","110,58295299999999","135,899004","63,639292000000005","97,882545","64,655161","104,832471","112,801491","146,555263","164,00806599999999","163,77823","148,285358","90,543672","69,987729","46,035517","104,50467900000001","194,74674900000002","262,702104","136,687718","58,448688000000004","155,095469","176,57196","119,843181","80,373273","101,420002","104,336111","54,806092","90,994811","169,821143","173,163983","161,486163","221,403204","245,692957","264,968478","202,639551","74,508277","86,886105","43,8615","49,511078000000005","96,132115","170,512304","86,56506200000001","141,75584899999998","102,757338","57,33883","49,674889","63,020300000000006","67,331666","104,352764","120,784982","218,552899","194,37284","241,477207","283,843655","304,279129","262,01582","256,01096","312,800434","138,265377","244,824632","176,599315","308,218398","242,826117","250,858546","122,911012","227,069918","73,267024","72,66228699999999","234,580425","241,82678700000002","120,37369500000001","146,57799799999998","176,561116","238,545234","145,76316599999998","76,805243","182,7224","251,484321","147,054087","188,684301","348,825895","390,737837","382,243113","256,695642","339,878244","248,688139","414,27416600000004","419,455174","359,632537","178,573662","213,183674","137,921044","124,412829","321,151841","191,076046","58,876837","156,377142","79,798928","66,29164","56,494108","130,69961800000002","31,124907999999998","46,090154000000005","179,028647","178,332277","248,101729","140,64658","342,961773","284,908499","243,038402","189,676447","139,845007","58,660258","184,977186","251,328641","282,99246899999997","319,889932","299,702966","260,989522","173,44786","171,47675099999998","57,308392999999995","70,75298","202,484283","239,224009","314,654414","168,977069"
Solar fotovoltaica,"45,824194000000006","42,955896","47,226381","28,149755000000003","34,613953","52,717779","51,956984","44,703705","39,883161","37,640325","44,564886","54,42533","52,670621","51,637608","52,724844","56,701321","59,702161999999994","60,576975","59,13245","59,281943","60,353658","53,945046000000005","47,149617","44,463232000000005","44,158014","39,290116000000005","51,044587","65,288559","66,309539","59,624784","60,574259","65,911233","69,764645","56,041042000000004","36,161711000000004","49,068635","58,779552","71,083206","68,960303","64,567582","61,435205","59,213173000000005","51,60672","43,229229","67,01332000000001","73,935609","60,872076","74,657967","70,854637","47,262841","75,435898","81,567652","84,73385","64,282037","43,362636","31,393254000000002","30,842501","53,688627999999994","77,28632300000001","77,674816","73,28026200000001","37,042108999999996","55,264135","57,32586","58,549334","47,846436999999995","53,449587","69,074601","68,20034799999999","26,46299","62,203381","76,298479","19,335583","20,15723","12,115008","24,206535","39,451696000000005","46,970152","44,743474","32,807536","37,213942","28,583109","23,021945","27,511260999999998","43,35372","69,736061","56,960032","41,847345999999995","55,018074","69,663775","89,430228","106,167348","100,626972","56,195942","40,382036","94,281347","107,088327","79,573819","82,080296","99,183869","71,062641","53,217559","76,06311199999999","96,950749","105,54194899999999","112,893568","103,80374","108,327315","71,433995","51,348335","99,64678500000001","39,056379","71,77265799999999","106,845943","116,618989","86,025081","67,499408","67,91572500000001","114,82341000000001","105,45028599999999","112,737042","86,884857","67,565359","73,71964299999999","113,192413","123,47114599999999","122,235784","119,16340799999999","121,15771099999999","120,995352","114,79308900000001","102,329323","116,180119","99,01705199999999","98,635488","118,306679","120,10847199999999","110,873196","109,25206200000001","94,456291","84,652749","82,480809","115,274939","97,687677","116,836777","153,11702400000001","129,473037","122,61966899999999","114,37092999999999","96,114255","123,02683","105,858457","98,501221","108,29416099999999","109,65368099999999","124,03788","113,27684699999999","119,053951","97,063412","123,603151","106,069265","110,58219100000001","105,89107700000001","96,809302","100,83837600000001","86,792502","89,383186","97,86341800000001","107,235977","105,48089599999999","99,62276700000001","91,130219","92,506236","94,410726","122,516955","114,492902","120,609498","112,301178","120,937401","124,26597100000001","116,840641","117,44117600000001","112,306076","100,26754","118,23603999999999","105,008686","101,00686900000001","116,969322","117,59289100000001","119,917962","112,171594","108,55711500000001","97,872366","105,0631","99,91180499999999","99,870617","104,860906","100,92097","105,956098","116,25661199999999","117,794144","114,52561999999999","110,232175","112,91108","108,206165","107,733258","112,826498","113,134508","108,100864","107,021052","99,48415700000001","108,999393","106,855226","106,071504","107,947372","109,781762","115,66357","113,123176","110,608988","108,942209","102,226343","100,484213","106,88302","98,16313099999999","52,902573","110,12512600000001","115,92502","107,32753","110,720031","114,161039","116,911253","113,397898","114,93805499999999","113,777704","104,96003999999999","97,51730400000001","102,868356","102,067651","104,51622400000001","101,199599","81,522448","88,115048","99,96888","92,342032","97,435326","105,31878599999999","112,924612","109,83159500000001","105,083416","91,189314","92,430932","101,59759600000001","106,02432300000001","99,471179","46,810381","44,584768","65,199439","77,262039","100,579033","99,287963","86,469781","87,435758","96,24897","75,16306200000001","95,730784","91,728889","85,484683","77,316484","89,65970200000001","101,138756","95,941002","61,229634","102,581641","102,6263","96,621373","73,700069","85,75807300000001","84,179259","80,038111","82,055186","86,069045","78,994199","52,031897","59,280582","84,433768","88,263704","92,475045","90,675797","56,792194","73,19802800000001","70,162979","33,177147","19,253927","28,827023","53,019732000000005","41,49746","49,864798","46,091981","43,606307","58,913686999999996","57,012682999999996","62,66001","49,441915","24,599075","67,373025","68,105752","33,960452","65,238907","84,500147","79,688189","71,21018","44,938178","42,783237","71,967567","54,342186999999996","53,887294000000004","67,73475599999999","38,730328","28,472210999999998","18,255315","34,695133999999996","38,332677000000004","56,437741","48,440646","20,859078","23,841526","30,294189","30,858563999999998","57,253456","68,60799899999999","59,603294","64,844041","62,164035000000005","45,679216000000004","47,576887","51,118386","44,767141","37,989983","15,387103","24,617826","28,849314999999997","17,669987000000003","17,177917","35,053424","19,374812000000002","16,642719","11,767252000000001","24,309595","31,750792","30,400952","38,209008999999995","54,262774","47,843579","26,860559000000002","32,062293000000004","33,109134","42,007322","48,563936999999996","43,267571000000004","57,034035","61,024556","56,902606","33,231425","36,643908","50,481201"
Solar térmica,"6,705466","4,5098840000000004","6,250757999999999","1,141307","1,97","6,858916","7,903452000000001","2,7360900000000004","4,320112","3,047808","5,742221","7,2503779999999995","6,9363459999999995","6,62163","6,439666","6,044411","8,099796","7,751063","8,088549","8,236413","8,747549999999999","8,167703000000001","3,164662","3,149549","3,982911","0,9124450000000001","2,7364119999999996","7,939901","7,695926999999999","2,7912559999999997","5,036252999999999","11,109532","11,713082","4,680826","0,378878","3,678128","6,986745","11,721169","11,90595","10,056906000000001","6,706756","5,114518","2,586272","1,774711","8,173417","11,873394000000001","8,065491","11,428492","10,039193","3,655777","12,422467000000001","15,248398","16,086675","4,271198","1,000717","0,780184","0,425962","4,131897","12,175633","13,068189","13,518494","1,400456","9,300635","4,141335","12,363073","5,543054","4,040675","10,625415","10,252191","0,221883","3,8699830000000004","7,531367","0,281928","0,016414","0,0008179999999999999","0,198302","0,203657","3,240511","2,140717","0,314834","0,401022","0,283189","0,20056800000000002","0,318873","0,831646","3,945379","3,7136370000000003","0,081119","5,068586","3,450424","12,680789","20,011975","15,596966","2,861806","0,260354","12,930425","19,688582999999998","9,78054","9,868678","20,019833","7,6821850000000005","2,462286","12,479460999999999","17,686205","21,636396","23,490569","19,800092","21,584223","12,154252","4,439571","18,400084","1,773154","6,20863","17,342775000000003","23,81028","11,318825","12,329856","12,698503","21,668883","20,111431","21,416884999999997","18,99207","6,983876","7,604375","22,688205000000004","27,222988","27,037537","26,89891","25,091735","25,439786","23,915417","16,359175","22,480236","18,159578","13,707463","22,228119","26,921466","23,520181","18,029418","6,830094","4,0347669999999995","6,919295","20,608804","19,331293000000002","23,813259","29,162043","29,952619","27,899464","22,293048","11,518602000000001","24,186787","20,953650000000003","13,028666","13,228506","17,565555","21,059884999999998","22,807026999999998","24,420930000000002","19,060664","25,08649","20,869336999999998","19,855815","19,289763","10,955593","13,105758","5,314161","8,511668","9,977217000000001","14,740203","15,69657","13,127666999999999","10,756877000000001","11,444941","12,12226","21,338988","28,349743","24,827481","24,597309000000003","22,671845","25,233546999999998","24,187811","23,86738","23,350026999999997","17,310659","20,171179","20,832010999999998","22,191103","24,584896","24,270165000000002","22,685817999999998","22,367754","20,935077","14,760634","19,072689999999998","16,742024","19,579077","19,091203","18,375839","18,678544000000002","24,102398","25,285757","23,878754","22,612615","22,341358","18,342657","18,756482","23,411492","27,084961","25,072580000000002","24,564503000000002","20,116259","22,799887","22,003705999999998","22,770336999999998","22,989162","24,607258","25,58925","25,780713","25,088922","24,896309000000002","16,937600999999997","16,002661","19,045965","12,107696","2,352083","17,700677","23,172158","21,540155","21,90948","24,463475","24,441298","23,770483","24,991564999999998","25,27271","21,114346","17,233501","18,644216","21,162494","21,490192999999998","17,075771","10,737506","8,703458000000001","16,363841","9,057394","14,637694999999999","18,662084","23,614844","23,193707999999997","21,499194","15,145719","17,367157","21,706612","21,566637999999998","16,862264","0,654516","0,92388","5,385043","5,93006","17,873793000000003","19,319165","14,240464","10,540039","15,585912","5,220720999999999","15,942428","15,945876","15,349867","14,409804","14,455511","18,909860000000002","18,688593","6,598043","18,056395000000002","18,348975","13,148738","1,688234","7,104134","6,790414","8,466764","9,205138000000002","11,180241","7,95162","1,585543","3,919634","11,598084","12,700754000000002","13,657759","11,881134","0,86817","5,815651","2,844897","0,21237","0,01614","0,15001699999999998","1,09426","0,198552","1,544656","0,808532","0,385281","2,8996750000000002","1,83985","4,887122000000001","3,2620169999999997","0,185749","5,106273","6,399247999999999","0,038217","2,512584","10,365727999999999","9,432720999999999","8,231926","1,106209","2,024097","7,254225","6,2224200000000005","4,949356","6,201849","0,812238","0,029467","0,000185","0,713656","1,4813800000000001","2,5846750000000003","1,624646","0,030914","0,00014399999999999998","0,15596700000000002","0,286726","3,541986","6,612411","4,017926","6,569312","5,086695","1,3752449999999998","2,858495","4,614597","3,112968","2,359848","0,305831","0,195135","0,208218","0,15599000000000002","0,000219","0,380233","0,029085999999999997","0,076087","0,000044","0,10939","0,18933699999999998","0,194963","1,769415","4,382238","3,86064","0,437211","0,18838300000000002","1,314718","2,866181","3,029086","4,3656109999999995","5,340755","6,399469","5,796183","0,811942","1,439952","2,985958"
Otras renovables,"13,948446","14,213511","14,293220999999999","14,990943999999999","14,796646","14,546764999999999","14,99634","14,894217000000001","14,074749","14,262652","14,453605","13,920898999999999","14,360583","14,366433","14,891587","14,354932000000002","13,525898999999999","12,981924999999999","13,026329","13,42084","13,307717","13,299016","12,458141","12,443726","13,221994","13,006553","13,439819","13,543537","13,43895","13,311072","12,87217","12,455321","13,256422","13,342139999999999","13,298416","12,930404000000001","13,212727000000001","13,106347","14,035897","14,139766999999999","13,3145","13,213434","13,357583","13,121155","12,730901","12,580269","12,307125","13,079813","13,612342","14,021915000000002","13,819887000000001","13,704851000000001","14,105458","13,380933","14,087952","13,906098","13,957716","13,007613","13,826017","14,504536","13,540314","14,113569","14,615314","14,650825999999999","14,489239","14,424956","14,024229","13,527277","14,136726000000001","14,248226","14,079642","13,54704","12,263285","13,0266","13,54839","14,022064","14,040993","13,284053","11,818312","11,092488","11,785382","13,415209999999998","13,680388","13,986914","13,761851","13,581717000000001","14,030502","14,341891","14,383919","13,921624","13,817472","14,104796","14,211517","14,475456","14,144008","14,376645","14,136298","14,424726","14,688441999999998","13,774085","14,430887","14,643043","14,752785","15,022189000000001","15,183191999999998","14,485132","14,613809","14,422027","14,755068999999999","13,87916","14,647257","14,271394","13,523555","13,914706","14,001143","14,056401","13,967869","14,565099","14,5425","14,546307","14,168263999999999","13,911850000000001","14,057953","14,607348","14,630777","14,740174000000001","15,060923","13,516648","11,624047000000001","10,565464","10,615599","12,273509","12,371072","12,808812","12,550787","12,932449","12,906641","12,645053","12,363758","12,400321","13,33995","12,963308000000001","12,848448000000001","11,214641","11,103389","11,209232","12,130038","12,489476","12,351602000000002","13,028262","13,906188","13,347695","13,468468000000001","14,031619000000001","13,596997","13,094271","12,813872","13,195819","13,472479","13,768785","13,659727","12,658946","12,272283999999999","11,938051999999999","12,523266","13,350207000000001","14,599356","14,993348","14,995213","14,748643","14,307774","14,368193999999999","14,422606","14,423855","14,524293","14,87025","14,521778","14,434115","14,494009","14,378072","14,474793","14,768148","14,303977000000001","13,054872999999999","12,785605","12,978128","13,354295","13,010434","12,791632","13,244653","13,487176999999999","13,652057000000001","13,848699","14,007046","13,923997","13,563158999999999","13,475018","13,021868","13,532759","13,900058000000001","14,346302","13,773413","12,228797","12,543191","11,96841","11,945501","11,237299","12,33007","12,730441","13,368623","13,154035","13,01593","13,510814","13,263917","13,061655","12,910290999999999","12,760834000000001","12,552470999999999","12,549406999999999","12,508477999999998","12,272683","11,964359","11,967591","13,175269","12,802104","13,505482","11,921902","11,240863","11,407147","11,753781","12,464295","13,092848","12,954086","11,425393","11,469177","11,431972","10,956325000000001","12,905039","12,582491","12,289489999999999","12,427424","12,218873","12,095886","11,673016","11,483359","11,496699000000001","11,524294","10,660822","10,52462","10,846289","11,017901","10,946495","10,373208","10,968656000000001","10,103543","11,340619","12,387254","12,977054","12,469368000000001","8,972760000000001","12,15859","12,955367","12,537327999999999","12,445765999999999","13,608546","12,813687","11,828191","11,225952","10,872453","9,972202","10,061566999999998","10,410285","10,781465","12,459226000000001","12,394035","12,060246","11,815140999999999","12,279615","11,494268","11,750791999999999","11,811786","10,617575","12,489040999999999","13,160672","12,349891","12,578614","13,248976","13,248738999999999","11,916141","11,33826","10,507843000000001","10,237763999999999","10,195041","10,861747","11,638225","11,224048","10,895903","11,205028","11,210632","11,316333","12,172599","12,23641","13,826893","12,42304","12,68843","12,623126000000001","12,438127","13,251033","12,985912","12,336039000000001","12,488470999999999","12,540511","12,507987","12,640889","12,597982","12,527805","12,877353","12,479922","12,404532","12,088554","11,804442","12,426513000000002","11,916487","11,626126000000001","10,210175999999999","9,357904000000001","10,370974","11,716175","11,815102999999999","12,132268","12,317155000000001","12,094682","12,536969","12,735005","11,382776","12,023950000000001","11,91082","12,099668","11,641043999999999","12,185716000000001","11,873459","11,433402","11,289817","11,468249","11,976595","11,580884","11,934325999999999","11,410478","12,044415","12,217495999999999","12,334312","11,807739","10,747772999999999","10,640683000000001","10,452307000000001","9,950584000000001","7,67946","6,828906","6,367044","7,504498","10,389985000000001","7,740495","6,860649","6,0363869999999995","5,828155"
Cogeneración,"40,430792000000004","50,786012","60,317521","64,051889","66,395576","67,790513","69,809743","67,633738","54,994313999999996","68,398218","72,834701","72,984938","74,930526","75,61808","72,76575199999999","70,536205","74,615178","74,34742","74,48276","73,370825","73,43342","69,888424","68,764617","73,59066800000001","73,94274300000001","74,57189699999999","75,425909","75,02689500000001","72,058065","70,15724300000001","73,967027","76,441268","77,82106200000001","78,263901","78,173272","75,211606","73,65704600000001","77,592226","77,609554","78,517275","79,313747","79,390754","76,695952","71,207218","76,189968","77,003523","75,34113400000001","75,500399","77,353784","68,460322","69,43784699999999","73,892659","74,195185","75,42744400000001","77,765074","76,622864","75,14625500000001","72,377641","74,543741","74,154311","74,92204799999999","75,781236","73,05542999999999","68,411514","67,124308","71,51611","70,809242","72,085533","73,145773","73,143143","68,64510700000001","67,057157","71,671772","71,344899","73,29733","72,229236","75,102996","69,52342999999999","66,92960400000001","71,358233","72,64759699999999","72,942863","72,786896","74,617514","67,829693","63,310818","71,200381","72,847296","74,537318","73,02694899999999","68,516633","60,285375","59,703102","65,722598","70,298462","69,93724499999999","65,470444","57,142540000000004","63,432824999999994","53,112909","52,170339999999996","61,138188","62,368407","54,720768","49,638714","43,105056","38,931637","42,585257","45,92257","42,301709","50,492577","59,616304","41,689611","45,551367","61,23563","66,104894","67,037753","66,032526","66,119355","59,25665","52,714648999999994","61,358489","65,89971000000001","69,480216","62,810199999999995","64,987583","61,671202","58,918013","65,785712","66,33549000000001","65,240251","66,750912","68,463731","60,731633","49,459205000000004","61,132266","61,469989","61,18269600000001","60,471665","63,674224","54,687940000000005","51,974267999999995","60,260879","59,783756000000004","57,789894999999994","56,416979","56,09478","50,250707999999996","50,048713000000006","62,151233999999995","62,646874000000004","61,416046","61,659330000000004","63,411006","59,603968","55,24156","60,032678999999995","60,982091","61,608372","62,461642999999995","62,436273","56,607775000000004","51,664769","60,453489999999995","62,404748","50,891554","48,469945","45,707964","36,287028","35,325511","40,68442700000001","40,728052000000005","40,762224","40,553152000000004","36,108678","34,095723","33,414474999999996","36,794678999999995","37,814525","35,945547","33,816258000000005","35,841955999999996","34,338576","33,409646","36,66136","37,14233","37,79085","36,036371","37,255943","36,673576999999995","35,059348","37,055391","35,657472999999996","34,409223","34,87507299999999","34,079432999999995","33,424601","29,671974","32,263442","34,537093999999996","35,354208","33,873476000000004","32,855533","31,466086999999998","30,547567","32,131776","31,841999","32,221897","35,529781","33,654222000000004","30,363366999999997","27,714625","26,531963","25,383326","24,615165","23,905941","22,553237","21,529922","20,099612","23,814027999999997","25,601238000000002","26,390126","27,113393","27,32374","25,99945","24,60581","24,388851","25,670179","25,613398","24,602189","24,331122","25,070557","23,426132000000003","26,049422999999997","26,287014","26,894304","26,942151000000003","26,411232","25,480768","23,675316","25,740674","26,305325","27,055411","27,320822","25,683712","21,953939","21,29015","24,914225","25,235867","21,428143","22,824507","23,003874","20,797189999999997","19,438152","21,978615","21,422017","21,10464","22,486596000000002","22,815155999999998","18,526028999999998","19,928763999999997","27,314716","28,817323000000002","27,373467","29,720342000000002","29,558542000000003","26,073258000000003","22,633788","27,642625","27,698204","28,360912","30,206186000000002","31,639049","28,434401","30,948071","38,810375","42,465197","43,488833","41,064866","43,494637000000004","39,914173999999996","36,961799","42,716583","43,803981","39,556298999999996","40,26250099999999","41,653688","35,439858","29,453678","35,267441","31,861034","28,487495","28,984837","29,462986","29,728213","29,867725999999998","32,605154999999996","33,144282","33,928936","33,372809000000004","34,999164","32,929697","33,836303","35,055316","40,984299","46,998587","49,634093","52,791118000000004","51,323175000000006","49,535367","50,227328","50,798156999999996","52,355502","53,824406","51,604803999999994","46,35899","47,130249000000006","50,998193","48,487777","49,226336","46,06447","51,192695","41,753061","43,536221","47,888142","47,91524","47,093099","50,734257","51,410349000000004","47,46467","44,572683","44,232434","47,012765","50,215228","44,698519999999995","43,569558","43,276393","41,137687","45,925853000000004","43,472893","42,839755","41,433675","42,182595","40,566651","40,96589","40,886048","37,539755","36,659055","38,93785","39,337351000000005","38,834089","35,905138","37,630673","37,06194","34,630291","32,038363000000004","24,120685","22,304913","19,161777999999998","26,563371","35,997101","27,469479","24,015967","20,520225999999997","18,483785"
Residuos no renovables,"5,450137","5,50501","6,140524","6,158997","6,186046999999999","5,563377","4,857787","5,5116499999999995","5,382197","5,512722","5,5655969999999995","5,387328","5,25547","5,433756000000001","5,615953","5,615411","5,662882","5,382954","5,381711","5,292885","5,059947","5,208722","5,319352","5,5041899999999995","5,42112","5,427817","5,47296","5,340069000000001","5,4028789999999995","5,445981","5,481497999999999","5,729112","5,701619","5,666621","5,568822","5,658095","5,618825","5,706123","5,35147","4,652628","4,700167","4,72647","4,935156","4,721733","4,7501809999999995","4,625822","4,440061","4,5457209999999995","4,603443","4,531385","4,553261","5,327776","5,6920910000000005","5,10255","5,526156","5,704516","5,539785","5,4250050000000005","5,442122","5,149249","5,556411","5,578302","5,5072399999999995","5,633801999999999","5,703877","5,795323000000001","5,705314","5,997956","6,721685000000001","6,638746","6,87767","6,838051","6,889081","6,955897","6,984602","6,815683","6,571276","6,47488","6,541825","6,6452089999999995","6,552259","5,624023","5,683327","5,4623159999999995","5,165785","4,8551850000000005","5,131511000000001","4,978954","4,723534","4,236631","4,375636","4,247249","4,620462000000001","4,942411","4,864675","5,2447420000000005","5,982183","5,808573999999999","6,33288","5,8858999999999995","5,694187","6,097967","6,2968280000000005","6,2368760000000005","6,263301","6,239494","6,175628","6,114271","5,992966","5,756557","6,039394000000001","6,1959219999999995","5,947245","6,043451","5,908318","5,463608","5,472451","5,522060000000001","5,9588019999999995","6,202077","5,962077","5,776479","5,611576","5,395016","4,800975","5,168823000000001","5,241547","5,214009","5,260055","5,335316","5,262541000000001","4,949751","5,246215","6,00507","5,870247999999999","5,831390000000001","5,921726","5,674878","5,582819000000001","5,6967799999999995","5,677561","5,733242000000001","5,958142","5,800884","5,954606","6,033681","5,540067","4,9709520000000005","5,005638","5,092176","5,01094","5,072317","4,824388","4,834655","4,853262","4,6683900000000005","4,181879","4,4999530000000005","4,344567","4,290431","4,693593","4,801927","4,8691450000000005","4,878793","5,467180999999999","5,287489","5,417924","5,013431","5,032335","5,58551","5,472361","5,716417000000001","5,908215","6,169201","6,53282","6,554958","6,514595","5,421433","5,20997","4,997794","4,789015","6,042663999999999","5,978332","5,8274799999999995","6,004462999999999","5,930922","6,014725","5,567927","5,634683","5,586037999999999","5,709263","5,818868","5,613346","5,497585","5,46229","5,582036","5,777246","5,8507359999999995","6,009720000000001","6,221678","6,0565240000000005","5,950952","5,673916","5,831646","6,265815","5,985501","5,73859","5,879392","5,929463","5,837988999999999","5,89571","5,844957999999999","5,573939","5,544207999999999","5,496733","5,281439000000001","5,223407","5,572305999999999","5,493878","5,6760209999999995","5,586262","5,552486","5,627778","5,5378609999999995","5,573531","5,657627000000001","5,618052","5,296305","5,2501999999999995","5,189310000000001","5,131798","5,143224","5,2123230000000005","5,337421999999999","5,186869","5,179185","5,046539","5,047421","5,025865","4,959698","4,827714","4,982845999999999","4,937289","4,743158","5,028753","5,332865","4,9320569999999995","4,887765","4,877508","4,945831","5,290585","5,273294","4,922994","4,910519","5,050395000000001","5,0660810000000005","5,351425","5,390917","5,213207000000001","4,333981","3,920192","3,8531590000000002","3,556308","3,14055","3,637371","3,783598","3,658283","4,069084","4,438541","5,3018410000000005","5,4059930000000005","4,630657","4,829746","5,427484000000001","5,3457740000000005","5,426728","5,896812","5,660189999999999","5,4702150000000005","5,52863","5,642879","5,28251","4,991861","5,5197709999999995","5,336729999999999","5,40909","5,586163","5,655484","5,620284","5,282254","5,4209629999999995","5,125137","3,956785","3,662705","4,239917999999999","4,256831","4,193277","4,333397","4,580631","4,1810339999999995","4,232755","4,505287999999999","4,801386000000001","4,496341999999999","4,527474","4,53691","4,445894","4,4961009999999995","4,647615","4,424537","4,467765","4,306233","4,304729","4,295404","4,171227","3,934375","4,199199999999999","4,280794","4,232948","3,822734","3,842695","4,122051000000001","4,2732969999999995","4,236995","4,216113999999999","4,326112","4,175455","4,254778","4,358272","4,345528","4,279927","3,7220210000000002","4,0706869999999995","4,240189999999999","4,302360999999999","4,646872","4,72567","4,636470999999999","4,449142","4,4468000000000005","4,436274","4,600039","4,538962000000001","4,674837","4,606167999999999","4,408622","4,21404","3,9450149999999997","3,8712109999999997","4,167218","4,406752","4,510184000000001","4,318699","3,9743020000000002","4,297662","4,150653","4,252652","4,258772","4,249193","4,199784999999999","4,488461","4,267974000000001","4,154639","4,180886999999999","4,287705"
Residuos renovables,"2,806956","2,767441","2,754361","2,737222","2,767817","2,738366","2,238533","2,742318","2,756574","2,712497","2,562446","2,562569","2,5328809999999997","2,676484","2,676911","2,675375","2,476877","2,363763","2,386105","2,359127","2,141242","2,364156","2,453139","2,500567","2,529914","2,551505","2,511264","2,503653","2,5347269999999997","2,4990949999999996","2,481409","2,559677","2,634771","2,563991","2,648","2,68725","2,688971","2,636666","2,597517","2,654803","2,6188119999999997","2,630877","2,691651","2,664562","2,649372","2,48127","2,451234","2,554138","2,534261","2,5932530000000003","2,547463","2,602514","2,664892","2,6421460000000003","2,69728","2,7101990000000002","2,715881","2,4942689999999996","2,315097","2,176565","2,3625010000000004","2,5178499999999997","2,657118","2,674576","2,5969949999999997","2,5743229999999997","2,535421","2,583456","2,602611","2,592602","2,8132379999999997","2,85088","2,7800949999999998","2,760812","2,866189","2,967838","2,976902","2,994645","2,990732","2,897348","2,779124","2,8098769999999997","2,8321509999999996","2,589904","2,5570880000000002","2,4926779999999997","2,546865","2,551351","2,349595","1,787923","2,177524","2,235461","2,4664140000000003","2,5450749999999998","2,569074","2,52027","2,4769229999999998","2,380782","2,616871","2,478277","2,35705","2,576304","2,69122","2,818739","2,752456","2,61339","2,66401","2,5832640000000002","2,582811","2,447714","2,577715","2,734802","2,635194","2,6118249999999996","2,317995","1,533532","1,484636","1,56781","2,204134","2,6273069999999996","2,627853","2,524433","2,421487","2,429165","2,337169","2,482817","2,475201","2,501257","2,483654","2,557143","2,7263319999999998","2,6957199999999997","2,726383","2,749563","2,706241","2,7472220000000003","2,56115","2,333167","2,326609","2,369539","2,361763","2,424855","2,671551","2,7243939999999998","2,7353","2,712295","2,6905279999999996","2,666224","2,659338","2,755803","2,7799899999999997","2,775627","2,521471","2,468015","2,481392","2,465056","2,408786","2,569659","2,501607","2,352266","2,572867","2,627704","2,582594","2,541816","2,378387","2,201128","2,208784","2,078975","2,016384","2,3716399999999997","2,4438739999999997","2,667396","2,91055","2,903479","2,968781","2,94754","2,871982","2,9027249999999998","2,806408","2,686083","2,7139569999999997","2,662689","2,609508","2,605214","2,596271","2,5785039999999997","2,5463760000000004","2,437372","2,3281729999999996","2,3072179999999998","2,359003","2,475112","2,240903","2,025329","2,040224","2,103842","2,366765","2,546973","2,5208310000000003","2,58444","2,570907","2,569141","2,5494380000000003","2,595086","2,629929","2,6214720000000002","2,557355","2,5847130000000003","2,465097","2,206446","2,191464","2,2567269999999997","2,289437","2,153061","2,194323","2,059251","2,039334","2,276272","2,220873","2,4155889999999998","2,447821","2,412436","2,4738629999999997","2,326875","2,478917","2,437396","2,407607","2,238101","2,013672","2,0472449999999998","1,902404","1,892517","1,9829480000000002","2,033189","2,0160489999999998","1,901883","1,853288","1,829437","1,8178599999999998","1,7842909999999998","1,810394","1,852357","1,879464","1,9297529999999998","1,982261","2,178149","2,238095","2,213657","2,093458","2,0511399999999997","2,0546860000000002","1,991145","1,842982","1,787001","1,824493","1,823194","2,166183","2,2708939999999997","2,306735","2,148819","2,306553","1,888036","1,441002","1,389806","1,474771","1,585617","1,5098530000000001","1,850004","2,152047","2,612129","2,3548180000000003","1,9379600000000001","2,263398","2,478378","2,3065059999999997","2,129147","2,515248","2,4199520000000003","2,33333","2,367945","2,377675","2,378444","2,2483739999999997","2,4259679999999997","2,348913","2,307584","2,450533","2,505837","2,497904","2,4764609999999996","2,4975189999999996","2,3185059999999997","1,9115389999999999","1,749442","2,2599319999999996","2,328807","2,2902199999999997","2,400704","2,417466","2,237678","2,242935","2,248637","2,291422","2,121415","2,165715","2,162604","2,301681","2,319507","2,295125","2,1124029999999996","2,145802","2,215815","2,304005","2,3425390000000004","2,279099","2,103339","2,128116","2,1065880000000003","2,193317","2,058024","2,1324810000000003","2,198324","2,282722","2,341081","2,294069","2,3814189999999997","2,394805","2,3912109999999998","2,3014","2,355997","2,428111","2,381339","2,2575540000000003","2,1614679999999997","2,2099409999999997","2,492053","2,4692420000000004","2,413026","2,27467","2,2383029999999997","2,203847","2,4424479999999997","2,497111","2,5410909999999998","2,565131","2,335708","2,3471219999999997","2,20159","2,1276680000000003","2,151255","2,316312","2,446554","2,307096","2,239338","2,164993","2,2453290000000004","2,4638760000000004","2,498694","2,511615","2,439837","2,590921","2,3271509999999997","2,3033870000000003","2,4256170000000004","2,482224"
Generación total,"558,4077980000001","583,651218","669,069579","761,286389","767,178299","689,4812469999999","751,7171340000002","709,0469829999998","813,9365059999999","863,6048079999997","841,716333","867,5019179999999","842,3303199999999","845,85936","719,0777889999998","693,809487","834,534736","868,9488400000001","867,9691510000002","884,655899","895,8915940000002","786,1834779999998","718,4070459999998","854,2748159999999","862,6231369999998","874,429895","857,9023999999998","832,0174100000002","689,6916259999999","670,9607400000001","826,169248","850,599691","841,5731310000001","817,344906","760,8419200000002","694,63291","652,6463999999999","811,094911","794,0344929999998","802,8725760000001","795,139337","799,6119329999999","678,0545409999999","694,9957680000001","827,6115229999998","811,5870990000001","821,1568599999999","787,8383209999998","711,9831619999999","686,6094070000001","661,3309509999999","767,1347579999999","772,7583109999999","733,075483","728,3472139999999","786,742043","706,1400190000002","626,2218060000001","698,745551","765,4402279999998","810,097464","720,8964260000001","803,7384849999999","679,8608209999999","649,5318029999999","721,6383289999999","750,559385","738,6529940000001","748,7028080000001","754,0045020000001","728,88646","679,414694","814,8463199999999","833,8341350000001","771,641184","830,3410930000001","723,3642540000001","601,1027089999999","688,20068","781,340372","801,495787","761,58214","728,6286969999999","697,9507119999998","615,0936519999999","592,297378","743,8309969999999","696,7561599999999","737,965874","786,313692","818,550653","755,8233989999999","718,05021","779,786224","774,3572020000003","796,7280450000001","823,236915","825,3558290000002","695,8220869999999","682,208669","784,3352060000001","754,1231009999998","724,281807","664,173491","630,915722","665,415088","625,861611","681,3353819999999","719,660547","777,632517","773,968563","680,423644","769,5655000000003","684,4931099999999","666,1431660000001","706,4817679999999","691,514508","677,2688220000001","721,4313810000001","682,154653","639,3450530000001","680,000429","712,067183","720,5306870000002","762,9939499999999","777,4908","706,9009850000001","650,7754580000001","678,4748689999999","714,566978","745,3130990000002","756,2410550000001","713,864219","641,279571","651,8325789999999","696,633747","737,1183159999999","757,47527","785,0245410000001","769,8255820000002","652,0297239999999","624,316642","723,8203199999999","738,0219339999999","770,1789259999999","793,9528309999998","747,944475","654,7222310000002","650,632398","704,9190659999997","726,1137219999998","744,0562269999999","714,610453","740,2429450000001","684,9027090000001","654,2326680000001","696,6046519999999","751,906518","793,58196","804,9134859999999","736,842929","709,779655","703,770383","809,503429","847,1288519999998","896,227592","896,6216579999998","891,3752119999999","821,4915019999999","769,03588","815,7592340000001","833,7450119999999","823,436457","835,2904930000001","770,2019559999998","723,279344","680,7024519999999","774,779199","789,2614149999999","770,0098180000001","759,1624099999999","773,444692","745,1982760000001","731,9534080000001","822,7083109999999","855,3870199999999","839,996195","847,9741620000001","840,582541","778,7902479999999","765,881974","859,2169770000002","878,6512500000001","924,5356199999999","916,9019879999998","942,906176","873,858865","833,5134250000001","927,889544","901,935803","893,1454879999999","924,1567140000001","907,929927","844,9414899999999","806,9186","886,502673","925,0539559999999","883,4425759999999","824,2199499999998","864,7887549999999","810,637658","776,423846","867,644012","883,9268609999999","888,8606920000002","896,2072509999999","891,0725340000001","822,1151550000001","771,6170820000001","847,6243010000001","876,716188","850,4581870000001","851,4012510000001","838,3717929999999","819,6347529999999","749,1039089999999","733,2655880000001","778,0296460000002","752,583576","748,3263069999999","758,0268709999999","753,5129440000002","718,3018559999998","786,585729","830,006782","836,5679090000001","832,2173519999999","832,1169769999998","786,73329","750,0304689999999","828,508126","851,615204","853,559199","825,3302549999999","852,1358710000002","767,896615","722,298952","813,995295","857,98556","853,7779770000001","827,086913","832,050868","767,9999849999997","755,235716","823,9970890000002","822,309238","806,80775","820,399723","842,0382880000001","773,693066","686,8076339999999","779,6170019999998","832,0771609999998","812,9638719999999","797,4219959999998","809,4295119999999","722,630181","658,4544279999999","736,375944","780,465828","764,7559789999999","740,0678419999998","772,440361","673,049153","660,5342180000001","740,264626","777,64827","784,3789999999999","794,040999","782,674888","740,1175870000001","671,799254","745,3391469999999","765,7747019999999","717,7400849999999","775,952471","784,073376","698,892767","627,6161189999999","732,8436929999999","747,802983","732,805469","753,2043700000002","756,7122710000001","652,6375559999999","647,389537","623,4685840000001","702,9065850000002","681,873422","708,309243","662,2520949999999","642,01256","560,532624","596,922122","555,595449","626,7314670000003","669,5867159999999","744,3342550000002","693,166635","616,398439","691,858529","713,384755","737,6819919999999","744,9844589999999","707,119592","686,63639","621,443845","721,998399","750,817286","776,7284140000002","779,9366259999999","727,012832","744,606091","660,340054","784,171806","814,8832289999999","805,3071700000002","736,0520370000003","761,5669620000001","674,530586","636,074334","796,8090629999999","808,98514","775,600007","771,110267","803,5565319999998","748,572116","683,0161019999999","762,789588","744,8661420000002","754,7576919999998","696,984567","744,21896","747,157925","661,64035","792,726117","772,939714","757,5796290000001","773,899541","735,9126110000002","673,7321850000001","658,2532339999999","750,7667540000001","763,4839759999999","792,6985699999999","786,6237070000002","729,872641","621,9176540000001","584,7954770000001","586,9629450000002","639,7927690000001","678,262834","680,158297","708,894612","589,633508"
 ,,,,,,,,,,,,,,,,,,,,,,,,,,,,,,,,,,,,,,,,,,,,,,,,,,,,,,,,,,,,,,,,,,,,,,,,,,,,,,,,,,,,,,,,,,,,,,,,,,,,,,,,,,,,,,,,,,,,,,,,,,,,,,,,,,,,,,,,,,,,,,,,,,,,,,,,,,,,,,,,,,,,,,,,,,,,,,,,,,,,,,,,,,,,,,,,,,,,,,,,,,,,,,,,,,,,,,,,,,,,,,,,,,,,,,,,,,,,,,,,,,,,,,,,,,,,,,,,,,,,,,,,,,,,,,,,,,,,,,,,,,,,,,,,,,,,,,,,,,,,,,,,,,,,,,,,,,,,,,,,,,,,,,,,,,,,,,,,,,,,,,,,,,,,,,,,,,,,,,,,,,,,,
Notas,,,,,,,,,,,,,,,,,,,,,,,,,,,,,,,,,,,,,,,,,,,,,,,,,,,,,,,,,,,,,,,,,,,,,,,,,,,,,,,,,,,,,,,,,,,,,,,,,,,,,,,,,,,,,,,,,,,,,,,,,,,,,,,,,,,,,,,,,,,,,,,,,,,,,,,,,,,,,,,,,,,,,,,,,,,,,,,,,,,,,,,,,,,,,,,,,,,,,,,,,,,,,,,,,,,,,,,,,,,,,,,,,,,,,,,,,,,,,,,,,,,,,,,,,,,,,,,,,,,,,,,,,,,,,,,,,,,,,,,,,,,,,,,,,,,,,,,,,,,,,,,,,,,,,,,,,,,,,,,,,,,,,,,,,,,,,,,,,,,,,,,,,,,,,,,,,,,,,,,,,,,,,
 ,,,,,,,,,,,,,,,,,,,,,,,,,,,,,,,,,,,,,,,,,,,,,,,,,,,,,,,,,,,,,,,,,,,,,,,,,,,,,,,,,,,,,,,,,,,,,,,,,,,,,,,,,,,,,,,,,,,,,,,,,,,,,,,,,,,,,,,,,,,,,,,,,,,,,,,,,,,,,,,,,,,,,,,,,,,,,,,,,,,,,,,,,,,,,,,,,,,,,,,,,,,,,,,,,,,,,,,,,,,,,,,,,,,,,,,,,,,,,,,,,,,,,,,,,,,,,,,,,,,,,,,,,,,,,,,,,,,,,,,,,,,,,,,,,,,,,,,,,,,,,,,,,,,,,,,,,,,,,,,,,,,,,,,,,,,,,,,,,,,,,,,,,,,,,,,,,,,,,,,,,,,,,
 ,,,,,,,,,,,,,,,,,,,,,,,,,,,,,,,,,,,,,,,,,,,,,,,,,,,,,,,,,,,,,,,,,,,,,,,,,,,,,,,,,,,,,,,,,,,,,,,,,,,,,,,,,,,,,,,,,,,,,,,,,,,,,,,,,,,,,,,,,,,,,,,,,,,,,,,,,,,,,,,,,,,,,,,,,,,,,,,,,,,,,,,,,,,,,,,,,,,,,,,,,,,,,,,,,,,,,,,,,,,,,,,,,,,,,,,,,,,,,,,,,,,,,,,,,,,,,,,,,,,,,,,,,,,,,,,,,,,,,,,,,,,,,,,,,,,,,,,,,,,,,,,,,,,,,,,,,,,,,,,,,,,,,,,,,,,,,,,,,,,,,,,,,,,,,,,,,,,,,,,,,,,,,
Estados,,,,,,,,,,,,,,,,,,,,,,,,,,,,,,,,,,,,,,,,,,,,,,,,,,,,,,,,,,,,,,,,,,,,,,,,,,,,,,,,,,,,,,,,,,,,,,,,,,,,,,,,,,,,,,,,,,,,,,,,,,,,,,,,,,,,,,,,,,,,,,,,,,,,,,,,,,,,,,,,,,,,,,,,,,,,,,,,,,,,,,,,,,,,,,,,,,,,,,,,,,,,,,,,,,,,,,,,,,,,,,,,,,,,,,,,,,,,,,,,,,,,,,,,,,,,,,,,,,,,,,,,,,,,,,,,,,,,,,,,,,,,,,,,,,,,,,,,,,,,,,,,,,,,,,,,,,,,,,,,,,,,,,,,,,,,,,,,,,,,,,,,,,,,,,,,,,,,,,,,,,,,,
 ,Definitivo: 01/01/2022 - 28/02/2022,,,,,,,,,,,,,,,,,,,,,,,,,,,,,,,,,,,,,,,,,,,,,,,,,,,,,,,,,,,,,,,,,,,,,,,,,,,,,,,,,,,,,,,,,,,,,,,,,,,,,,,,,,,,,,,,,,,,,,,,,,,,,,,,,,,,,,,,,,,,,,,,,,,,,,,,,,,,,,,,,,,,,,,,,,,,,,,,,,,,,,,,,,,,,,,,,,,,,,,,,,,,,,,,,,,,,,,,,,,,,,,,,,,,,,,,,,,,,,,,,,,,,,,,,,,,,,,,,,,,,,,,,,,,,,,,,,,,,,,,,,,,,,,,,,,,,,,,,,,,,,,,,,,,,,,,,,,,,,,,,,,,,,,,,,,,,,,,,,,,,,,,,,,,,,,,,,,,,,,,,,,,
 ,Provisional: 01/03/2022 - 31/12/2022,,,,,,,,,,,,,,,,,,,,,,,,,,,,,,,,,,,,,,,,,,,,,,,,,,,,,,,,,,,,,,,,,,,,,,,,,,,,,,,,,,,,,,,,,,,,,,,,,,,,,,,,,,,,,,,,,,,,,,,,,,,,,,,,,,,,,,,,,,,,,,,,,,,,,,,,,,,,,,,,,,,,,,,,,,,,,,,,,,,,,,,,,,,,,,,,,,,,,,,,,,,,,,,,,,,,,,,,,,,,,,,,,,,,,,,,,,,,,,,,,,,,,,,,,,,,,,,,,,,,,,,,,,,,,,,,,,,,,,,,,,,,,,,,,,,,,,,,,,,,,,,,,,,,,,,,,,,,,,,,,,,,,,,,,,,,,,,,,,,,,,,,,,,,,,,,,,,,,,,,,,,,
 ,,,,,,,,,,,,,,,,,,,,,,,,,,,,,,,,,,,,,,,,,,,,,,,,,,,,,,,,,,,,,,,,,,,,,,,,,,,,,,,,,,,,,,,,,,,,,,,,,,,,,,,,,,,,,,,,,,,,,,,,,,,,,,,,,,,,,,,,,,,,,,,,,,,,,,,,,,,,,,,,,,,,,,,,,,,,,,,,,,,,,,,,,,,,,,,,,,,,,,,,,,,,,,,,,,,,,,,,,,,,,,,,,,,,,,,,,,,,,,,,,,,,,,,,,,,,,,,,,,,,,,,,,,,,,,,,,,,,,,,,,,,,,,,,,,,,,,,,,,,,,,,,,,,,,,,,,,,,,,,,,,,,,,,,,,,,,,,,,,,,,,,,,,,,,,,,,,,,,,,,,,,,,
Fecha exportación,07/04/2023 - 18:14:26,,,,,,,,,,,,,,,,,,,,,,,,,,,,,,,,,,,,,,,,,,,,,,,,,,,,,,,,,,,,,,,,,,,,,,,,,,,,,,,,,,,,,,,,,,,,,,,,,,,,,,,,,,,,,,,,,,,,,,,,,,,,,,,,,,,,,,,,,,,,,,,,,,,,,,,,,,,,,,,,,,,,,,,,,,,,,,,,,,,,,,,,,,,,,,,,,,,,,,,,,,,,,,,,,,,,,,,,,,,,,,,,,,,,,,,,,,,,,,,,,,,,,,,,,,,,,,,,,,,,,,,,,,,,,,,,,,,,,,,,,,,,,,,,,,,,,,,,,,,,,,,,,,,,,,,,,,,,,,,,,,,,,,,,,,,,,,,,,,,,,,,,,,,,,,,,,,,,,,,,,,,,
 ,,,,,,,,,,,,,,,,,,,,,,,,,,,,,,,,,,,,,,,,,,,,,,,,,,,,,,,,,,,,,,,,,,,,,,,,,,,,,,,,,,,,,,,,,,,,,,,,,,,,,,,,,,,,,,,,,,,,,,,,,,,,,,,,,,,,,,,,,,,,,,,,,,,,,,,,,,,,,,,,,,,,,,,,,,,,,,,,,,,,,,,,,,,,,,,,,,,,,,,,,,,,,,,,,,,,,,,,,,,,,,,,,,,,,,,,,,,,,,,,,,,,,,,,,,,,,,,,,,,,,,,,,,,,,,,,,,,,,,,,,,,,,,,,,,,,,,,,,,,,,,,,,,,,,,,,,,,,,,,,,,,,,,,,,,,,,,,,,,,,,,,,,,,,,,,,,,,,,,,,,,,,,
Fuente,www.ree.es,,,,,,,,,,,,,,,,,,,,,,,,,,,,,,,,,,,,,,,,,,,,,,,,,,,,,,,,,,,,,,,,,,,,,,,,,,,,,,,,,,,,,,,,,,,,,,,,,,,,,,,,,,,,,,,,,,,,,,,,,,,,,,,,,,,,,,,,,,,,,,,,,,,,,,,,,,,,,,,,,,,,,,,,,,,,,,,,,,,,,,,,,,,,,,,,,,,,,,,,,,,,,,,,,,,,,,,,,,,,,,,,,,,,,,,,,,,,,,,,,,,,,,,,,,,,,,,,,,,,,,,,,,,,,,,,,,,,,,,,,,,,,,,,,,,,,,,,,,,,,,,,,,,,,,,,,,,,,,,,,,,,,,,,,,,,,,,,,,,,,,,,,,,,,,,,,,,,,,,,,,,,
